ts_recv,ts_event,rtype,publisher_id,instrument_id,action,side,depth,price,size,flags,ts_in_delta,sequence,symbol
2023-11-01 00:00:00.282965659+00:00,2023-11-01 00:00:00.282079415+00:00,0,1,78460,T,A,0,80.86,2,0,16699,170595452,CLF4
2023-11-01 00:00:00.287575684+00:00,2023-11-01 00:00:00.285762441+00:00,0,1,78460,T,A,0,80.85,1,0,16880,170595785,CLF4
2023-11-01 00:00:00.287635022+00:00,2023-11-01 00:00:00.285773975+00:00,0,1,78460,T,A,0,80.85,1,0,15108,170595787,CLF4
2023-11-01 00:00:00.290538112+00:00,2023-11-01 00:00:00.288700161+00:00,0,1,78460,T,B,0,80.85,1,0,14342,170595961,CLF4
2023-11-01 00:00:00.307233280+00:00,2023-11-01 00:00:00.306522683+00:00,0,1,78460,T,A,0,80.83,2,0,14425,170596673,CLF4
2023-11-01 00:00:00.364871948+00:00,2023-11-01 00:00:00.363779475+00:00,0,1,78460,T,A,0,80.82,1,0,15681,170597730,CLF4
2023-11-01 00:00:00.503139191+00:00,2023-11-01 00:00:00.502853425+00:00,0,1,78460,T,A,0,80.81,2,0,16663,170598618,CLF4
2023-11-01 00:00:00.646034836+00:00,2023-11-01 00:00:00.645803095+00:00,0,1,78460,T,A,0,80.81,1,0,16322,170598864,CLF4
2023-11-01 00:00:00.744266667+00:00,2023-11-01 00:00:00.744048531+00:00,0,1,78460,T,B,0,80.83,1,0,16603,170598959,CLF4
2023-11-01 00:00:00.744633641+00:00,2023-11-01 00:00:00.744404429+00:00,0,1,78460,T,B,0,80.83,1,0,16650,170598963,CLF4
2023-11-01 00:00:00.744665825+00:00,2023-11-01 00:00:00.744437875+00:00,0,1,78460,T,B,0,80.83,1,0,14138,170598966,CLF4
2023-11-01 00:00:01.197451928+00:00,2023-11-01 00:00:01.188998145+00:00,0,1,78460,T,B,0,80.84,2,0,17367,170602885,CLF4
2023-11-01 00:00:01.197591833+00:00,2023-11-01 00:00:01.189022137+00:00,0,1,78460,T,B,0,80.84,1,0,14352,170602895,CLF4
2023-11-01 00:00:01.199437414+00:00,2023-11-01 00:00:01.198174433+00:00,0,1,78460,T,B,0,80.85,1,0,14070,170603019,CLF4
2023-11-01 00:00:02.318752628+00:00,2023-11-01 00:00:02.317085971+00:00,0,1,78460,T,N,0,80.86,1,0,14739,170604853,CLF4
2023-11-01 00:00:02.330771770+00:00,2023-11-01 00:00:02.330540119+00:00,0,1,78460,T,B,0,80.87,1,0,17215,170605271,CLF4
2023-11-01 00:00:04.342525526+00:00,2023-11-01 00:00:04.342235635+00:00,0,1,78460,T,A,0,80.86,1,0,16089,170606360,CLF4
2023-11-01 00:00:04.991447354+00:00,2023-11-01 00:00:04.987668383+00:00,0,1,78460,T,A,0,80.85,1,0,13541,170606534,CLF4
2023-11-01 00:00:04.992099944+00:00,2023-11-01 00:00:04.987746619+00:00,0,1,78460,T,A,0,80.85,2,128,13750,170606599,CLF4
2023-11-01 00:00:04.997496247+00:00,2023-11-01 00:00:04.990828269+00:00,0,1,78460,T,A,0,80.85,1,0,13539,170607074,CLF4
2023-11-01 00:00:04.997496247+00:00,2023-11-01 00:00:04.990828269+00:00,0,1,78460,T,A,0,80.84,1,0,13539,170607074,CLF4
2023-11-01 00:00:05.090520535+00:00,2023-11-01 00:00:05.090285279+00:00,0,1,78460,T,B,0,80.86,1,0,17218,170610271,CLF4
2023-11-01 00:00:05.268632878+00:00,2023-11-01 00:00:05.260089709+00:00,0,1,78460,T,N,0,80.87,1,0,14617,170611036,CLF4
2023-11-01 00:00:10.535656873+00:00,2023-11-01 00:00:10.535400433+00:00,0,1,78460,T,B,0,80.86,1,0,16494,170614489,CLF4
2023-11-01 00:00:11.001263257+00:00,2023-11-01 00:00:11.000987015+00:00,0,1,78460,T,B,0,80.85,1,0,16649,170616396,CLF4
2023-11-01 00:00:11.014579018+00:00,2023-11-01 00:00:11.014190715+00:00,0,1,78460,T,B,0,80.85,2,0,16871,170616783,CLF4
2023-11-01 00:00:22.107317289+00:00,2023-11-01 00:00:22.107068699+00:00,0,1,78460,T,B,0,80.84,1,0,16594,170623617,CLF4
2023-11-01 00:00:22.334392430+00:00,2023-11-01 00:00:22.325843953+00:00,0,1,78460,T,B,0,80.85,1,0,14245,170624193,CLF4
2023-11-01 00:00:23.347924279+00:00,2023-11-01 00:00:23.347564985+00:00,0,1,78460,T,B,0,80.85,1,0,16644,170625126,CLF4
2023-11-01 00:00:24.700965536+00:00,2023-11-01 00:00:24.697623955+00:00,0,1,78460,T,B,0,80.86,1,0,14042,170625608,CLF4
2023-11-01 00:00:26.678857175+00:00,2023-11-01 00:00:26.678581825+00:00,0,1,78460,T,B,0,80.87,1,0,17099,170627196,CLF4
2023-11-01 00:00:26.687154842+00:00,2023-11-01 00:00:26.678598075+00:00,0,1,78460,T,B,0,80.87,1,0,14879,170627208,CLF4
2023-11-01 00:00:26.687429946+00:00,2023-11-01 00:00:26.678656655+00:00,0,1,78460,T,B,0,80.87,1,0,13857,170627234,CLF4
2023-11-01 00:00:26.689461249+00:00,2023-11-01 00:00:26.687169845+00:00,0,1,78460,T,B,0,80.87,1,128,13263,170627380,CLF4
2023-11-01 00:00:27.760303425+00:00,2023-11-01 00:00:27.752643661+00:00,0,1,78460,T,B,0,80.88,2,0,13791,170628609,CLF4
2023-11-01 00:00:29.284522226+00:00,2023-11-01 00:00:29.283718173+00:00,0,1,78460,T,B,0,80.89,1,0,14037,170630531,CLF4
2023-11-01 00:00:29.284642164+00:00,2023-11-01 00:00:29.283928563+00:00,0,1,78460,T,B,0,80.89,4,0,13400,170630537,CLF4
2023-11-01 00:00:30.047444759+00:00,2023-11-01 00:00:30.047165203+00:00,0,1,78460,T,A,0,80.87,1,0,16085,170632225,CLF4
2023-11-01 00:00:31.267846178+00:00,2023-11-01 00:00:31.267581131+00:00,0,1,78460,T,B,0,80.89,1,0,16665,170632691,CLF4
2023-11-01 00:00:36.757422253+00:00,2023-11-01 00:00:36.757127795+00:00,0,1,78460,T,B,0,80.89,1,0,19732,170633508,CLF4
2023-11-01 00:00:40.772415576+00:00,2023-11-01 00:00:40.771398535+00:00,0,1,78460,T,B,0,80.89,1,0,25877,170634473,CLF4
2023-11-01 00:00:40.778193923+00:00,2023-11-01 00:00:40.776453821+00:00,0,1,78460,T,B,0,80.9,1,0,13434,170634843,CLF4
2023-11-01 00:00:40.779258701+00:00,2023-11-01 00:00:40.778188593+00:00,0,1,78460,T,N,0,80.9,1,0,13703,170634943,CLF4
2023-11-01 00:00:40.794247931+00:00,2023-11-01 00:00:40.793574121+00:00,0,1,78460,T,B,0,80.9,4,0,15873,170635310,CLF4
2023-11-01 00:00:41.579128246+00:00,2023-11-01 00:00:41.572133425+00:00,0,1,78460,T,B,0,80.9,1,0,17384,170636440,CLF4
2023-11-01 00:00:41.579300406+00:00,2023-11-01 00:00:41.572195031+00:00,0,1,78460,T,B,0,80.9,1,128,14003,170636451,CLF4
2023-11-01 00:00:42.989604256+00:00,2023-11-01 00:00:42.989349237+00:00,0,1,78460,T,B,0,80.9,1,0,16629,170639197,CLF4
2023-11-01 00:00:51.742812974+00:00,2023-11-01 00:00:51.742544255+00:00,0,1,78460,T,B,0,80.9,1,0,16923,170642956,CLF4
2023-11-01 00:00:51.743919408+00:00,2023-11-01 00:00:51.743667833+00:00,0,1,78460,T,B,0,80.91,1,0,17175,170642970,CLF4
2023-11-01 00:00:51.744258859+00:00,2023-11-01 00:00:51.743943349+00:00,0,1,78460,T,B,0,80.91,1,0,14986,170642982,CLF4
2023-11-01 00:00:51.745538573+00:00,2023-11-01 00:00:51.745278137+00:00,0,1,78460,T,A,0,80.9,1,0,16719,170643027,CLF4
2023-11-01 00:01:00.206516827+00:00,2023-11-01 00:01:00.204880559+00:00,0,1,78460,T,A,0,80.89,1,0,14483,170645969,CLF4
2023-11-01 00:01:00.208360386+00:00,2023-11-01 00:01:00.207457339+00:00,0,1,78460,T,B,0,80.89,1,0,13770,170646093,CLF4
2023-11-01 00:01:00.216168382+00:00,2023-11-01 00:01:00.215919003+00:00,0,1,78460,T,B,0,80.89,1,0,16800,170646250,CLF4
2023-11-01 00:01:03.719745740+00:00,2023-11-01 00:01:03.718557861+00:00,0,1,78460,T,A,0,80.86,1,0,14715,170650121,CLF4
2023-11-01 00:01:22.152267013+00:00,2023-11-01 00:01:22.151941833+00:00,0,1,78460,T,B,0,80.84,2,0,17060,170660128,CLF4
2023-11-01 00:01:32.203774674+00:00,2023-11-01 00:01:32.203196519+00:00,0,1,78460,T,A,0,80.84,1,0,14541,170669768,CLF4
2023-11-01 00:01:34.324602792+00:00,2023-11-01 00:01:34.315849011+00:00,0,1,78460,T,B,0,80.85,1,0,13836,170671205,CLF4
2023-11-01 00:01:43.882055266+00:00,2023-11-01 00:01:43.881743753+00:00,0,1,78460,T,B,0,80.87,1,0,16850,170676540,CLF4
2023-11-01 00:01:43.908830829+00:00,2023-11-01 00:01:43.908581193+00:00,0,1,78460,T,B,0,80.87,1,0,16979,170676582,CLF4
2023-11-01 00:01:51.267244987+00:00,2023-11-01 00:01:51.266979123+00:00,0,1,78460,T,A,0,80.85,1,0,18834,170678765,CLF4
2023-11-01 00:02:03.562963730+00:00,2023-11-01 00:02:03.562690605+00:00,0,1,78460,T,B,0,80.85,1,0,16865,170683299,CLF4
2023-11-01 00:02:04.964427756+00:00,2023-11-01 00:02:04.964043881+00:00,0,1,78460,T,A,0,80.83,2,0,13889,170683431,CLF4
2023-11-01 00:02:38.697731632+00:00,2023-11-01 00:02:38.697213707+00:00,0,1,78460,T,B,0,80.84,1,0,13565,170701609,CLF4
2023-11-01 00:02:45.600206166+00:00,2023-11-01 00:02:45.592033851+00:00,0,1,78460,T,A,0,80.83,1,0,15451,170705267,CLF4
2023-11-01 00:03:14.429067762+00:00,2023-11-01 00:03:14.428731641+00:00,0,1,78460,T,A,0,80.83,1,0,17387,170711153,CLF4
2023-11-01 00:03:27.618652051+00:00,2023-11-01 00:03:27.618071265+00:00,0,1,78460,T,B,0,80.86,1,0,13702,170714981,CLF4
2023-11-01 00:03:55.960543353+00:00,2023-11-01 00:03:55.959239335+00:00,0,1,78460,T,B,0,80.85,2,0,14229,170720793,CLF4
2023-11-01 00:03:58.593674540+00:00,2023-11-01 00:03:58.587957547+00:00,0,1,78460,T,A,0,80.88,1,0,13211,170724752,CLF4
2023-11-01 00:03:58.609149608+00:00,2023-11-01 00:03:58.606616847+00:00,0,1,78460,T,A,0,80.88,1,0,13312,170726061,CLF4
2023-11-01 00:04:02.502477328+00:00,2023-11-01 00:04:02.501924159+00:00,0,1,78460,T,A,0,80.87,1,128,17522,170728993,CLF4
2023-11-01 00:04:53.675539979+00:00,2023-11-01 00:04:53.674897555+00:00,0,1,78460,T,N,0,80.85,3,0,17680,170738923,CLF4
2023-11-01 00:05:07.868834394+00:00,2023-11-01 00:05:07.868241609+00:00,0,1,78460,T,N,0,80.82,4,0,20427,170749177,CLF4
2023-11-01 00:05:07.875506573+00:00,2023-11-01 00:05:07.869398187+00:00,0,1,78460,T,A,0,80.81,1,0,15535,170749327,CLF4
2023-11-01 00:05:07.875643759+00:00,2023-11-01 00:05:07.869446693+00:00,0,1,78460,T,A,0,80.81,1,0,13125,170749334,CLF4
2023-11-01 00:05:07.926969768+00:00,2023-11-01 00:05:07.926702691+00:00,0,1,78460,T,B,0,80.83,1,0,17149,170750679,CLF4
2023-11-01 00:05:07.936285323+00:00,2023-11-01 00:05:07.936044025+00:00,0,1,78460,T,A,0,80.82,2,0,16765,170750793,CLF4
2023-11-01 00:05:08.963784483+00:00,2023-11-01 00:05:08.963419765+00:00,0,1,78460,T,B,0,80.83,1,0,16749,170751336,CLF4
2023-11-01 00:05:19.135317924+00:00,2023-11-01 00:05:19.133288995+00:00,0,1,78460,T,B,0,80.84,2,0,15002,170752815,CLF4
2023-11-01 00:05:23.510066265+00:00,2023-11-01 00:05:23.509805461+00:00,0,1,78460,T,B,0,80.84,1,0,16651,170754183,CLF4
2023-11-01 00:05:28.069757971+00:00,2023-11-01 00:05:28.069506365+00:00,0,1,78460,T,B,0,80.84,1,0,16464,170755367,CLF4
2023-11-01 00:05:28.928446997+00:00,2023-11-01 00:05:28.928164655+00:00,0,1,78460,T,B,0,80.85,1,0,19767,170755759,CLF4
2023-11-01 00:05:28.937527981+00:00,2023-11-01 00:05:28.929769923+00:00,0,1,78460,T,B,0,80.85,1,128,13680,170755832,CLF4
2023-11-01 00:05:31.616989768+00:00,2023-11-01 00:05:31.616729539+00:00,0,1,78460,T,B,0,80.85,1,0,16579,170756567,CLF4
2023-11-01 00:05:44.456036748+00:00,2023-11-01 00:05:44.453986487+00:00,0,1,78460,T,A,0,80.86,1,0,13906,170760370,CLF4
2023-11-01 00:05:54.444238771+00:00,2023-11-01 00:05:54.443421413+00:00,0,1,78460,T,A,0,80.85,1,0,14254,170761733,CLF4
2023-11-01 00:05:54.505838870+00:00,2023-11-01 00:05:54.505432867+00:00,0,1,78460,T,B,0,80.86,1,0,17066,170762210,CLF4
2023-11-01 00:06:11.488298646+00:00,2023-11-01 00:06:11.488017375+00:00,0,1,78460,T,B,0,80.85,1,0,17595,170765097,CLF4
2023-11-01 00:06:14.698980368+00:00,2023-11-01 00:06:14.698715603+00:00,0,1,78460,T,B,0,80.85,1,0,16829,170765228,CLF4
2023-11-01 00:06:20.089446848+00:00,2023-11-01 00:06:20.089089359+00:00,0,1,78460,T,B,0,80.86,1,0,17193,170765825,CLF4
2023-11-01 00:06:20.897849982+00:00,2023-11-01 00:06:20.897545893+00:00,0,1,78460,T,A,0,80.85,2,0,16317,170765996,CLF4
2023-11-01 00:06:43.174826246+00:00,2023-11-01 00:06:43.174536325+00:00,0,1,78460,T,A,0,80.85,1,0,17013,170767161,CLF4
2023-11-01 00:06:43.289770207+00:00,2023-11-01 00:06:43.289501679+00:00,0,1,78460,T,A,0,80.84,1,0,16830,170767908,CLF4
2023-11-01 00:06:56.078221168+00:00,2023-11-01 00:06:56.077949097+00:00,0,1,78460,T,B,0,80.85,1,0,16658,170769671,CLF4
2023-11-01 00:07:18.116295610+00:00,2023-11-01 00:07:18.106887835+00:00,0,1,78460,T,B,0,80.86,1,0,13412,170773148,CLF4
2023-11-01 00:07:26.496252433+00:00,2023-11-01 00:07:26.495260875+00:00,0,1,78460,T,A,0,80.85,1,128,14007,170774875,CLF4
2023-11-01 00:07:46.218243730+00:00,2023-11-01 00:07:46.216219973+00:00,0,1,78460,T,N,0,80.83,1,0,13889,170776975,CLF4
2023-11-01 00:07:56.689303166+00:00,2023-11-01 00:07:56.688093495+00:00,0,1,78460,T,B,0,80.83,1,0,13862,170783100,CLF4
2023-11-01 00:08:00.267961805+00:00,2023-11-01 00:08:00.267673339+00:00,0,1,78460,T,A,0,80.83,1,0,18456,170785008,CLF4
2023-11-01 00:08:08.125136541+00:00,2023-11-01 00:08:08.124574785+00:00,0,1,78460,T,N,0,80.83,2,0,17780,170786392,CLF4
2023-11-01 00:08:08.393263241+00:00,2023-11-01 00:08:08.392996091+00:00,0,1,78460,T,B,0,80.83,3,0,17983,170786994,CLF4
2023-11-01 00:08:08.401721242+00:00,2023-11-01 00:08:08.393278169+00:00,0,1,78460,T,B,0,80.83,3,0,13911,170787020,CLF4
2023-11-01 00:08:08.402515119+00:00,2023-11-01 00:08:08.395408401+00:00,0,1,78460,T,B,0,80.83,2,0,13762,170787074,CLF4
2023-11-01 00:08:19.071146926+00:00,2023-11-01 00:08:19.070841991+00:00,0,1,78460,T,A,0,80.82,2,0,16552,170788716,CLF4
2023-11-01 00:08:34.872124446+00:00,2023-11-01 00:08:34.871856165+00:00,0,1,78460,T,B,0,80.81,1,0,17416,170791970,CLF4
2023-11-01 00:08:35.385462923+00:00,2023-11-01 00:08:35.385228205+00:00,0,1,78460,T,B,0,80.81,1,0,16833,170792219,CLF4
2023-11-01 00:08:38.297016771+00:00,2023-11-01 00:08:38.296772339+00:00,0,1,78460,T,B,0,80.81,1,0,18242,170792771,CLF4
2023-11-01 00:08:40.862256843+00:00,2023-11-01 00:08:40.862005515+00:00,0,1,78460,T,B,0,80.81,1,0,17054,170792935,CLF4
2023-11-01 00:08:41.008351097+00:00,2023-11-01 00:08:41.007942361+00:00,0,1,78460,T,N,0,80.81,1,0,17279,170793274,CLF4
2023-11-01 00:08:43.193198233+00:00,2023-11-01 00:08:43.192910867+00:00,0,1,78460,T,B,0,80.82,1,0,16950,170793921,CLF4
2023-11-01 00:08:50.379168547+00:00,2023-11-01 00:08:50.378833633+00:00,0,1,78460,T,B,0,80.82,1,0,17875,170795403,CLF4
2023-11-01 00:08:55.362864691+00:00,2023-11-01 00:08:55.362576525+00:00,0,1,78460,T,B,0,80.82,1,0,21456,170796445,CLF4
2023-11-01 00:08:57.361818601+00:00,2023-11-01 00:08:57.361531653+00:00,0,1,78460,T,B,0,80.83,1,0,15432,170796536,CLF4
2023-11-01 00:08:58.335219286+00:00,2023-11-01 00:08:58.334940241+00:00,0,1,78460,T,A,0,80.82,1,0,18549,170796725,CLF4
2023-11-01 00:08:58.601262320+00:00,2023-11-01 00:08:58.601016517+00:00,0,1,78460,T,A,0,80.82,1,0,17416,170796817,CLF4
2023-11-01 00:09:29.448101978+00:00,2023-11-01 00:09:29.446684205+00:00,0,1,78460,T,A,0,80.81,1,0,14621,170800330,CLF4
2023-11-01 00:09:31.461725501+00:00,2023-11-01 00:09:31.459364679+00:00,0,1,78460,T,A,0,80.8,1,0,14665,170800954,CLF4
2023-11-01 00:09:31.468891176+00:00,2023-11-01 00:09:31.468631553+00:00,0,1,78460,T,B,0,80.81,1,0,17171,170801503,CLF4
2023-11-01 00:09:35.470233739+00:00,2023-11-01 00:09:35.469987495+00:00,0,1,78460,T,B,0,80.81,1,0,17293,170802813,CLF4
2023-11-01 00:09:36.130992775+00:00,2023-11-01 00:09:36.130747795+00:00,0,1,78460,T,B,0,80.81,1,0,16989,170802935,CLF4
2023-11-01 00:09:40.874078722+00:00,2023-11-01 00:09:40.873796621+00:00,0,1,78460,T,A,0,80.83,1,0,17152,170805157,CLF4
2023-11-01 00:09:42.425965678+00:00,2023-11-01 00:09:42.425692203+00:00,0,1,78460,T,B,0,80.84,1,0,17537,170806205,CLF4
2023-11-01 00:09:42.426451285+00:00,2023-11-01 00:09:42.425997707+00:00,0,1,78460,T,A,0,80.83,2,0,13890,170806239,CLF4
2023-11-01 00:10:25.300824428+00:00,2023-11-01 00:10:25.292490853+00:00,0,1,78460,T,B,0,80.85,1,0,14330,170816384,CLF4
2023-11-01 00:10:25.301596705+00:00,2023-11-01 00:10:25.297053807+00:00,0,1,78460,T,B,0,80.85,2,0,13685,170816435,CLF4
2023-11-01 00:10:32.160939973+00:00,2023-11-01 00:10:32.160632065+00:00,0,1,78460,T,A,0,80.84,1,0,17222,170816954,CLF4
2023-11-01 00:10:38.587790198+00:00,2023-11-01 00:10:38.587358373+00:00,0,1,78460,T,B,0,80.85,1,0,14084,170817654,CLF4
2023-11-01 00:10:50.484958653+00:00,2023-11-01 00:10:50.484691433+00:00,0,1,78460,T,B,0,80.85,1,0,13422,170820547,CLF4
2023-11-01 00:11:04.749168846+00:00,2023-11-01 00:11:04.748832819+00:00,0,1,78460,T,B,0,80.86,1,0,17299,170821889,CLF4
2023-11-01 00:11:04.757325794+00:00,2023-11-01 00:11:04.748850015+00:00,0,1,78460,T,B,0,80.86,1,0,17510,170821893,CLF4
2023-11-01 00:11:04.757496392+00:00,2023-11-01 00:11:04.749076029+00:00,0,1,78460,T,B,0,80.86,2,128,13978,170821905,CLF4
2023-11-01 00:11:22.590590823+00:00,2023-11-01 00:11:22.590266179+00:00,0,1,78460,T,B,0,80.87,1,0,18922,170824903,CLF4
2023-11-01 00:11:55.901254363+00:00,2023-11-01 00:11:55.900976153+00:00,0,1,78460,T,B,0,80.88,1,0,21654,170833130,CLF4
2023-11-01 00:11:55.909774523+00:00,2023-11-01 00:11:55.901460683+00:00,0,1,78460,T,B,0,80.88,1,0,16185,170833162,CLF4
2023-11-01 00:11:55.910301325+00:00,2023-11-01 00:11:55.902317739+00:00,0,1,78460,T,B,0,80.88,1,0,16210,170833192,CLF4
2023-11-01 00:12:01.104356407+00:00,2023-11-01 00:12:01.104066537+00:00,0,1,78460,T,B,0,80.89,1,0,20796,170834283,CLF4
2023-11-01 00:12:10.003932957+00:00,2023-11-01 00:12:10.003662193+00:00,0,1,78460,T,B,0,80.88,1,0,19913,170838552,CLF4
2023-11-01 00:12:22.969268148+00:00,2023-11-01 00:12:22.968907483+00:00,0,1,78460,T,B,0,80.88,1,0,14071,170840008,CLF4
2023-11-01 00:12:23.226183500+00:00,2023-11-01 00:12:23.225928609+00:00,0,1,78460,T,B,0,80.88,1,0,17567,170840603,CLF4
2023-11-01 00:12:23.228770715+00:00,2023-11-01 00:12:23.228536255+00:00,0,1,78460,T,B,0,80.88,1,0,17518,170840648,CLF4
2023-11-01 00:12:29.055881453+00:00,2023-11-01 00:12:29.047500103+00:00,0,1,78460,T,A,0,80.87,1,0,19484,170842053,CLF4
2023-11-01 00:12:29.056135433+00:00,2023-11-01 00:12:29.047543757+00:00,0,1,78460,T,A,0,80.87,1,128,14263,170842069,CLF4
2023-11-01 00:12:29.057301943+00:00,2023-11-01 00:12:29.047573167+00:00,0,1,78460,T,A,0,80.86,8,0,15298,170842154,CLF4
2023-11-01 00:12:29.057440716+00:00,2023-11-01 00:12:29.047574029+00:00,0,1,78460,T,A,0,80.86,3,0,14290,170842163,CLF4
2023-11-01 00:12:29.059341514+00:00,2023-11-01 00:12:29.047601849+00:00,0,1,78460,T,B,0,80.86,1,0,13775,170842324,CLF4
2023-11-01 00:12:29.060725351+00:00,2023-11-01 00:12:29.047701681+00:00,0,1,78460,T,B,0,80.86,1,0,13549,170842442,CLF4
2023-11-01 00:12:29.065386701+00:00,2023-11-01 00:12:29.050693569+00:00,0,1,78460,T,A,0,80.85,1,0,13963,170842788,CLF4
2023-11-01 00:12:29.081433867+00:00,2023-11-01 00:12:29.065852691+00:00,0,1,78460,T,A,0,80.83,1,0,13508,170844102,CLF4
2023-11-01 00:12:29.095836474+00:00,2023-11-01 00:12:29.083769069+00:00,0,1,78460,T,N,0,80.84,1,0,13783,170845328,CLF4
2023-11-01 00:12:29.104336414+00:00,2023-11-01 00:12:29.094767889+00:00,0,1,78460,T,B,0,80.84,1,0,13473,170846056,CLF4
2023-11-01 00:12:29.209467008+00:00,2023-11-01 00:12:29.209155847+00:00,0,1,78460,T,B,0,80.85,2,0,17272,170848500,CLF4
2023-11-01 00:12:31.114102118+00:00,2023-11-01 00:12:31.113676095+00:00,0,1,78460,T,B,0,80.85,1,0,13524,170851614,CLF4
2023-11-01 00:12:31.116754970+00:00,2023-11-01 00:12:31.114062361+00:00,0,1,78460,T,A,0,80.84,5,0,13409,170851653,CLF4
2023-11-01 00:12:31.117703862+00:00,2023-11-01 00:12:31.116758005+00:00,0,1,78460,T,A,0,80.84,3,0,13791,170851722,CLF4
2023-11-01 00:12:31.118513488+00:00,2023-11-01 00:12:31.117717799+00:00,0,1,78460,T,A,0,80.84,5,0,13918,170851779,CLF4
2023-11-01 00:12:41.052522546+00:00,2023-11-01 00:12:41.052141573+00:00,0,1,78460,T,A,0,80.84,1,0,19348,170854261,CLF4
2023-11-01 00:13:13.332169315+00:00,2023-11-01 00:13:13.323580959+00:00,0,1,78460,T,B,0,80.85,1,0,13866,170858475,CLF4
2023-11-01 00:14:21.790193099+00:00,2023-11-01 00:14:21.781382807+00:00,0,1,78460,T,N,0,80.83,1,0,14216,170868702,CLF4
2023-11-01 00:15:00.099865719+00:00,2023-11-01 00:15:00.099583867+00:00,0,1,78460,T,B,0,80.82,1,0,17653,170876306,CLF4
2023-11-01 00:15:00.100092686+00:00,2023-11-01 00:15:00.099868777+00:00,0,1,78460,T,B,0,80.82,1,0,17130,170876310,CLF4
2023-11-01 00:15:00.971476846+00:00,2023-11-01 00:15:00.963402471+00:00,0,1,78460,T,A,0,80.81,1,0,13713,170876823,CLF4
2023-11-01 00:15:07.049256344+00:00,2023-11-01 00:15:07.048028973+00:00,0,1,78460,T,N,0,80.8,1,0,15405,170878329,CLF4
2023-11-01 00:15:15.716118923+00:00,2023-11-01 00:15:15.715738109+00:00,0,1,78460,T,B,0,80.81,1,128,13717,170879775,CLF4
2023-11-01 00:15:24.378608411+00:00,2023-11-01 00:15:24.378335865+00:00,0,1,78460,T,B,0,80.82,1,0,17193,170881802,CLF4
2023-11-01 00:15:36.524961930+00:00,2023-11-01 00:15:36.524549989+00:00,0,1,78460,T,N,0,80.82,1,0,13932,170885079,CLF4
2023-11-01 00:15:56.807822389+00:00,2023-11-01 00:15:56.807257017+00:00,0,1,78460,T,N,0,80.82,1,0,13831,170888852,CLF4
2023-11-01 00:15:58.657582870+00:00,2023-11-01 00:15:58.655973007+00:00,0,1,78460,T,B,0,80.83,2,0,13445,170889754,CLF4
2023-11-01 00:16:18.129961755+00:00,2023-11-01 00:16:18.129674585+00:00,0,1,78460,T,B,0,80.83,1,0,19193,170893306,CLF4
2023-11-01 00:16:40.503393388+00:00,2023-11-01 00:16:40.503110821+00:00,0,1,78460,T,B,0,80.84,1,0,17550,170894896,CLF4
2023-11-01 00:17:21.494642038+00:00,2023-11-01 00:17:21.494372271+00:00,0,1,78460,T,A,0,80.82,1,0,16582,170900212,CLF4
2023-11-01 00:18:47.713876516+00:00,2023-11-01 00:18:47.713526537+00:00,0,1,78460,T,B,0,80.84,1,0,16927,170906905,CLF4
2023-11-01 00:18:47.717149191+00:00,2023-11-01 00:18:47.714974393+00:00,0,1,78460,T,A,0,80.83,1,0,14161,170906976,CLF4
2023-11-01 00:19:07.448500659+00:00,2023-11-01 00:19:07.446901939+00:00,0,1,78460,T,B,0,80.84,1,0,14298,170908196,CLF4
2023-11-01 00:19:50.818478117+00:00,2023-11-01 00:19:50.817996399+00:00,0,1,78460,T,B,0,80.86,1,0,15196,170912912,CLF4
2023-11-01 00:19:50.833053812+00:00,2023-11-01 00:19:50.832677231+00:00,0,1,78460,T,B,0,80.86,2,0,16069,170913227,CLF4
2023-11-01 00:19:50.861048069+00:00,2023-11-01 00:19:50.860818135+00:00,0,1,78460,T,A,0,80.86,1,0,16870,170913572,CLF4
2023-11-01 00:20:19.884484820+00:00,2023-11-01 00:20:19.875087109+00:00,0,1,78460,T,B,0,80.88,1,0,14030,170923016,CLF4
2023-11-01 00:20:19.885005190+00:00,2023-11-01 00:20:19.875139331+00:00,0,1,78460,T,B,0,80.88,1,0,13907,170923046,CLF4
2023-11-01 00:20:39.847194024+00:00,2023-11-01 00:20:39.846825347+00:00,0,1,78460,T,B,0,80.9,3,0,21216,170926835,CLF4
2023-11-01 00:21:00.047153450+00:00,2023-11-01 00:21:00.045906427+00:00,0,1,78460,T,B,0,80.9,2,128,13928,170927601,CLF4
2023-11-01 00:21:01.854640404+00:00,2023-11-01 00:21:01.846281469+00:00,0,1,78460,T,A,0,80.9,2,0,17050,170929664,CLF4
2023-11-01 00:21:05.121696612+00:00,2023-11-01 00:21:05.121431187+00:00,0,1,78460,T,B,0,80.9,1,0,16654,170929957,CLF4
2023-11-01 00:21:06.588954365+00:00,2023-11-01 00:21:06.588644527+00:00,0,1,78460,T,B,0,80.9,1,0,16919,170930781,CLF4
2023-11-01 00:21:09.822574415+00:00,2023-11-01 00:21:09.822301911+00:00,0,1,78460,T,B,0,80.9,1,0,17193,170931826,CLF4
2023-11-01 00:21:09.830667007+00:00,2023-11-01 00:21:09.822321501+00:00,0,1,78460,T,B,0,80.9,1,0,17752,170931833,CLF4
2023-11-01 00:21:12.906300306+00:00,2023-11-01 00:21:12.895248453+00:00,0,1,78460,T,N,0,80.91,1,0,20876,170932688,CLF4
2023-11-01 00:21:15.622680519+00:00,2023-11-01 00:21:15.622380589+00:00,0,1,78460,T,B,0,80.9,1,0,16671,170932925,CLF4
2023-11-01 00:21:32.846952278+00:00,2023-11-01 00:21:32.846709819+00:00,0,1,78460,T,A,0,80.9,1,0,16852,170936663,CLF4
2023-11-01 00:21:32.885841299+00:00,2023-11-01 00:21:32.885284999+00:00,0,1,78460,T,A,0,80.87,2,0,14180,170938269,CLF4
2023-11-01 00:21:32.886100138+00:00,2023-11-01 00:21:32.885481539+00:00,0,1,78460,T,A,0,80.87,1,0,13780,170938286,CLF4
2023-11-01 00:21:32.886427511+00:00,2023-11-01 00:21:32.885847077+00:00,0,1,78460,T,A,0,80.87,4,0,13959,170938315,CLF4
2023-11-01 00:21:32.890285661+00:00,2023-11-01 00:21:32.888872409+00:00,0,1,78460,T,B,0,80.87,1,0,13476,170938612,CLF4
2023-11-01 00:21:36.327652532+00:00,2023-11-01 00:21:36.327400965+00:00,0,1,78460,T,A,0,80.88,1,0,16613,170941403,CLF4
2023-11-01 00:21:43.516614041+00:00,2023-11-01 00:21:43.507628183+00:00,0,1,78460,T,A,0,80.86,1,0,17169,170943174,CLF4
2023-11-01 00:22:49.156093988+00:00,2023-11-01 00:22:49.155686913+00:00,0,1,78460,T,A,0,80.85,4,0,28036,170950614,CLF4
2023-11-01 00:22:54.737862844+00:00,2023-11-01 00:22:54.737577219+00:00,0,1,78460,T,B,0,80.86,1,0,18838,170951773,CLF4
2023-11-01 00:22:54.745945832+00:00,2023-11-01 00:22:54.737750951+00:00,0,1,78460,T,B,0,80.86,1,128,17107,170951777,CLF4
2023-11-01 00:23:32.927425595+00:00,2023-11-01 00:23:32.926764711+00:00,0,1,78460,T,N,0,80.85,1,0,18216,170956175,CLF4
2023-11-01 00:23:47.626811331+00:00,2023-11-01 00:23:47.618862407+00:00,0,1,78460,T,A,0,80.85,1,0,13573,170959465,CLF4
2023-11-01 00:24:19.100370486+00:00,2023-11-01 00:24:19.100060233+00:00,0,1,78460,T,B,0,80.85,1,0,16817,170966189,CLF4
2023-11-01 00:25:37.342576372+00:00,2023-11-01 00:25:37.338224823+00:00,0,1,78460,T,B,0,80.83,1,0,14169,170976217,CLF4
2023-11-01 00:26:02.088956434+00:00,2023-11-01 00:26:02.088268525+00:00,0,1,78460,T,A,0,80.82,1,0,17532,170984054,CLF4
2023-11-01 00:26:03.259648033+00:00,2023-11-01 00:26:03.259281497+00:00,0,1,78460,T,A,0,80.82,1,0,17561,170985057,CLF4
2023-11-01 00:26:56.291667062+00:00,2023-11-01 00:26:56.290929423+00:00,0,1,78460,T,N,0,80.81,1,0,17305,170997137,CLF4
2023-11-01 00:26:56.300852390+00:00,2023-11-01 00:26:56.291690327+00:00,0,1,78460,T,B,0,80.82,1,0,14076,170997215,CLF4
2023-11-01 00:27:01.576763802+00:00,2023-11-01 00:27:01.567404589+00:00,0,1,78460,T,N,0,80.84,1,0,14096,170999244,CLF4
2023-11-01 00:27:01.577222939+00:00,2023-11-01 00:27:01.567417695+00:00,0,1,78460,T,B,0,80.84,3,0,14092,170999272,CLF4
2023-11-01 00:27:01.584623435+00:00,2023-11-01 00:27:01.578716025+00:00,0,1,78460,T,A,0,80.84,1,0,19163,170999868,CLF4
2023-11-01 00:27:01.588917959+00:00,2023-11-01 00:27:01.584179871+00:00,0,1,78460,T,B,0,80.85,1,0,14192,171000220,CLF4
2023-11-01 00:27:03.625926017+00:00,2023-11-01 00:27:03.625648907+00:00,0,1,78460,T,A,0,80.84,2,0,17384,171005294,CLF4
2023-11-01 00:27:59.582622889+00:00,2023-11-01 00:27:59.582301977+00:00,0,1,78460,T,A,0,80.86,1,0,16667,171022968,CLF4
2023-11-01 00:29:36.893234761+00:00,2023-11-01 00:29:36.892937831+00:00,0,1,78460,T,A,0,80.83,1,0,17937,171044126,CLF4
2023-11-01 00:30:45.696294706+00:00,2023-11-01 00:30:45.695902345+00:00,0,1,78460,T,A,0,80.83,1,0,17364,171053155,CLF4
2023-11-01 00:31:04.705510816+00:00,2023-11-01 00:31:04.705214533+00:00,0,1,78460,T,B,0,80.84,1,0,17416,171055964,CLF4
2023-11-01 00:31:31.958790878+00:00,2023-11-01 00:31:31.958477793+00:00,0,1,78460,T,A,0,80.83,1,0,17079,171058077,CLF4
2023-11-01 00:32:21.960437356+00:00,2023-11-01 00:32:21.951887261+00:00,0,1,78460,T,A,0,80.83,1,0,17859,171065507,CLF4
2023-11-01 00:32:21.961920820+00:00,2023-11-01 00:32:21.960458213+00:00,0,1,78460,T,B,0,80.83,1,0,13814,171065600,CLF4
2023-11-01 00:34:55.591198805+00:00,2023-11-01 00:34:55.590612819+00:00,0,1,78460,T,B,0,80.82,1,0,19028,171080756,CLF4
2023-11-01 00:35:00.887285172+00:00,2023-11-01 00:35:00.887025767+00:00,0,1,78460,T,A,0,80.82,1,0,17047,171082065,CLF4
2023-11-01 00:35:28.548488804+00:00,2023-11-01 00:35:28.540030601+00:00,0,1,78460,T,B,0,80.84,1,0,14740,171086975,CLF4
2023-11-01 00:35:33.977041264+00:00,2023-11-01 00:35:33.976751701+00:00,0,1,78460,T,B,0,80.84,1,0,17614,171088969,CLF4
2023-11-01 00:36:16.593743436+00:00,2023-11-01 00:36:16.584854129+00:00,0,1,78460,T,B,0,80.86,1,0,15568,171097141,CLF4
2023-11-01 00:36:31.982283314+00:00,2023-11-01 00:36:31.981987323+00:00,0,1,78460,T,A,0,80.86,1,0,17239,171098759,CLF4
2023-11-01 00:37:47.372307428+00:00,2023-11-01 00:37:47.372072447+00:00,0,1,78460,T,B,0,80.83,1,0,17042,171107386,CLF4
2023-11-01 00:37:52.204098473+00:00,2023-11-01 00:37:52.203810539+00:00,0,1,78460,T,B,0,80.83,1,0,16618,171108712,CLF4
2023-11-01 00:38:27.215251693+00:00,2023-11-01 00:38:27.214783095+00:00,0,1,78460,T,A,0,80.82,1,0,14091,171114527,CLF4
2023-11-01 00:38:33.393858298+00:00,2023-11-01 00:38:33.385728457+00:00,0,1,78460,T,B,0,80.82,1,0,13817,171115071,CLF4
2023-11-01 00:38:59.525473369+00:00,2023-11-01 00:38:59.525147993+00:00,0,1,78460,T,A,0,80.82,2,0,21385,171116786,CLF4
2023-11-01 00:39:15.111757999+00:00,2023-11-01 00:39:15.111433353+00:00,0,1,78460,T,B,0,80.84,2,0,16066,171118402,CLF4
2023-11-01 00:39:35.976419769+00:00,2023-11-01 00:39:35.976143645+00:00,0,1,78460,T,B,0,80.86,2,0,17221,171120456,CLF4
2023-11-01 00:40:19.487657560+00:00,2023-11-01 00:40:19.487302991+00:00,0,1,78460,T,A,0,80.82,2,0,16529,171125233,CLF4
2023-11-01 00:40:33.873719490+00:00,2023-11-01 00:40:33.872392047+00:00,0,1,78460,T,A,0,80.8,1,0,13768,171127817,CLF4
2023-11-01 00:40:40.921615306+00:00,2023-11-01 00:40:40.913071807+00:00,0,1,78460,T,A,0,80.79,1,0,13719,171130929,CLF4
2023-11-01 00:40:49.144730868+00:00,2023-11-01 00:40:49.136931855+00:00,0,1,78460,T,A,0,80.78,3,0,13567,171133359,CLF4
2023-11-01 00:40:54.951641690+00:00,2023-11-01 00:40:54.951321209+00:00,0,1,78460,T,B,0,80.79,2,0,16670,171135469,CLF4
2023-11-01 00:41:21.306010119+00:00,2023-11-01 00:41:21.305710703+00:00,0,1,78460,T,A,0,80.78,1,0,16621,171140204,CLF4
2023-11-01 00:41:52.199858006+00:00,2023-11-01 00:41:52.191109581+00:00,0,1,78460,T,A,0,80.77,1,0,14001,171143226,CLF4
2023-11-01 00:41:56.414660245+00:00,2023-11-01 00:41:56.414370921+00:00,0,1,78460,T,B,0,80.78,1,0,15811,171144805,CLF4
2023-11-01 00:42:03.653640895+00:00,2023-11-01 00:42:03.653404749+00:00,0,1,78460,T,A,0,80.77,1,0,16535,171147271,CLF4
2023-11-01 00:42:28.245495558+00:00,2023-11-01 00:42:28.241291407+00:00,0,1,78460,T,A,0,80.74,1,0,14531,171152626,CLF4
2023-11-01 00:42:28.245495558+00:00,2023-11-01 00:42:28.241291407+00:00,0,1,78460,T,A,0,80.73,3,0,14531,171152626,CLF4
2023-11-01 00:42:28.250081647+00:00,2023-11-01 00:42:28.243289287+00:00,0,1,78460,T,N,0,80.73,1,0,19408,171152948,CLF4
2023-11-01 00:42:28.283551924+00:00,2023-11-01 00:42:28.279285687+00:00,0,1,78460,T,B,0,80.73,1,0,16792,171155843,CLF4
2023-11-01 00:42:48.140283431+00:00,2023-11-01 00:42:48.139372521+00:00,0,1,78460,T,A,0,80.72,2,0,13548,171163502,CLF4
2023-11-01 00:42:49.107157808+00:00,2023-11-01 00:42:49.106876257+00:00,0,1,78460,T,A,0,80.71,1,0,16408,171165065,CLF4
2023-11-01 00:44:03.463054727+00:00,2023-11-01 00:44:03.462798669+00:00,0,1,78460,T,B,0,80.72,1,0,19194,171181955,CLF4
2023-11-01 00:44:11.688503138+00:00,2023-11-01 00:44:11.688170077+00:00,0,1,78460,T,B,0,80.72,1,0,16856,171182542,CLF4
2023-11-01 00:44:18.299990315+00:00,2023-11-01 00:44:18.299706585+00:00,0,1,78460,T,B,0,80.72,1,0,16477,171182920,CLF4
2023-11-01 00:44:18.309140949+00:00,2023-11-01 00:44:18.308672959+00:00,0,1,78460,T,B,0,80.73,4,0,16831,171182962,CLF4
2023-11-01 00:44:32.623323806+00:00,2023-11-01 00:44:32.623059155+00:00,0,1,78460,T,A,0,80.72,1,0,16887,171188483,CLF4
2023-11-01 00:44:37.176399268+00:00,2023-11-01 00:44:37.176147767+00:00,0,1,78460,T,A,0,80.71,1,0,16646,171190376,CLF4
2023-11-01 00:44:43.015686347+00:00,2023-11-01 00:44:43.015392103+00:00,0,1,78460,T,B,0,80.71,1,0,17038,171190987,CLF4
2023-11-01 00:44:53.969418348+00:00,2023-11-01 00:44:53.969139979+00:00,0,1,78460,T,B,0,80.72,1,0,17058,171192817,CLF4
2023-11-01 00:44:56.164638981+00:00,2023-11-01 00:44:56.164363095+00:00,0,1,78460,T,B,0,80.71,1,0,16194,171193384,CLF4
2023-11-01 00:45:00.230390332+00:00,2023-11-01 00:45:00.228408585+00:00,0,1,78460,T,A,0,80.7,3,0,14920,171194078,CLF4
2023-11-01 00:45:00.385293343+00:00,2023-11-01 00:45:00.385042465+00:00,0,1,78460,T,B,0,80.71,1,0,16597,171195239,CLF4
2023-11-01 00:45:00.504800172+00:00,2023-11-01 00:45:00.495447207+00:00,0,1,78460,T,N,0,80.69,1,0,14331,171195362,CLF4
2023-11-01 00:45:00.507556495+00:00,2023-11-01 00:45:00.498040111+00:00,0,1,78460,T,A,0,80.69,1,0,14010,171195547,CLF4
2023-11-01 00:45:00.663696268+00:00,2023-11-01 00:45:00.663445003+00:00,0,1,78460,T,B,0,80.71,1,0,16591,171196854,CLF4
2023-11-01 00:45:03.400024902+00:00,2023-11-01 00:45:03.399758677+00:00,0,1,78460,T,B,0,80.71,1,0,16962,171198280,CLF4
2023-11-01 00:45:32.846403888+00:00,2023-11-01 00:45:32.846105745+00:00,0,1,78460,T,B,0,80.71,1,0,17236,171205655,CLF4
2023-11-01 00:45:38.679738541+00:00,2023-11-01 00:45:38.679457221+00:00,0,1,78460,T,B,0,80.71,1,0,16865,171206685,CLF4
2023-11-01 00:45:39.265789307+00:00,2023-11-01 00:45:39.265071833+00:00,0,1,78460,T,B,0,80.72,3,0,14213,171207178,CLF4
2023-11-01 00:45:42.798250316+00:00,2023-11-01 00:45:42.797970391+00:00,0,1,78460,T,B,0,80.72,1,0,16584,171208065,CLF4
2023-11-01 00:47:01.185416073+00:00,2023-11-01 00:47:01.176247695+00:00,0,1,78460,T,B,0,80.73,1,0,16182,171212923,CLF4
2023-11-01 00:47:01.186054354+00:00,2023-11-01 00:47:01.176866081+00:00,0,1,78460,T,B,0,80.73,2,0,13813,171212974,CLF4
2023-11-01 00:47:44.250055385+00:00,2023-11-01 00:47:44.241597331+00:00,0,1,78460,T,B,0,80.72,1,0,14070,171221668,CLF4
2023-11-01 00:48:18.861476795+00:00,2023-11-01 00:48:18.861220395+00:00,0,1,78460,T,B,0,80.73,1,0,16715,171226692,CLF4
2023-11-01 00:49:24.283998792+00:00,2023-11-01 00:49:24.283709977+00:00,0,1,78460,T,A,0,80.73,1,0,17211,171235478,CLF4
2023-11-01 00:49:36.103615481+00:00,2023-11-01 00:49:36.103234967+00:00,0,1,78460,T,A,0,80.72,1,0,16501,171238093,CLF4
2023-11-01 00:49:36.104312538+00:00,2023-11-01 00:49:36.103618465+00:00,0,1,78460,T,A,0,80.72,5,0,13749,171238101,CLF4
2023-11-01 00:50:00.628825977+00:00,2023-11-01 00:50:00.628496843+00:00,0,1,78460,T,A,0,80.71,2,0,20367,171239639,CLF4
2023-11-01 00:50:36.664540384+00:00,2023-11-01 00:50:36.663046075+00:00,0,1,78460,T,A,0,80.71,1,0,15200,171241382,CLF4
2023-11-01 00:50:36.815495643+00:00,2023-11-01 00:50:36.815182653+00:00,0,1,78460,T,B,0,80.72,1,0,14050,171242180,CLF4
2023-11-01 00:50:47.028356848+00:00,2023-11-01 00:50:47.028085429+00:00,0,1,78460,T,B,0,80.71,1,0,16931,171245523,CLF4
2023-11-01 00:50:54.866054641+00:00,2023-11-01 00:50:54.865753259+00:00,0,1,78460,T,B,0,80.72,2,0,17300,171246159,CLF4
2023-11-01 00:50:59.119379174+00:00,2023-11-01 00:50:59.118770517+00:00,0,1,78460,T,A,0,80.69,3,0,13425,171248094,CLF4
2023-11-01 00:51:01.230664241+00:00,2023-11-01 00:51:01.229280767+00:00,0,1,78460,T,A,0,80.68,2,0,13777,171250166,CLF4
2023-11-01 00:51:01.653751223+00:00,2023-11-01 00:51:01.644294997+00:00,0,1,78460,T,A,0,80.67,1,0,13943,171251549,CLF4
2023-11-01 00:51:03.575844173+00:00,2023-11-01 00:51:03.575571429+00:00,0,1,78460,T,B,0,80.67,1,0,17261,171255502,CLF4
2023-11-01 00:51:35.221503665+00:00,2023-11-01 00:51:35.221229511+00:00,0,1,78460,T,B,0,80.65,2,0,18504,171264531,CLF4
2023-11-01 00:51:46.881676497+00:00,2023-11-01 00:51:46.881407617+00:00,0,1,78460,T,A,0,80.64,1,0,17151,171267851,CLF4
2023-11-01 00:52:20.366846467+00:00,2023-11-01 00:52:20.365386657+00:00,0,1,78460,T,B,0,80.65,1,0,13927,171275042,CLF4
2023-11-01 00:52:30.169100845+00:00,2023-11-01 00:52:30.168861533+00:00,0,1,78460,T,B,0,80.66,1,0,16888,171276413,CLF4
2023-11-01 00:52:30.177149663+00:00,2023-11-01 00:52:30.169103795+00:00,0,1,78460,T,B,0,80.66,2,0,16719,171276416,CLF4
2023-11-01 00:52:48.770348232+00:00,2023-11-01 00:52:48.769134083+00:00,0,1,78460,T,B,0,80.67,5,0,17570,171277629,CLF4
2023-11-01 00:52:57.438531304+00:00,2023-11-01 00:52:57.437425293+00:00,0,1,78460,T,B,0,80.68,2,0,16472,171280128,CLF4
2023-11-01 00:53:42.757262529+00:00,2023-11-01 00:53:42.750478085+00:00,0,1,78460,T,N,0,80.66,1,0,18009,171289270,CLF4
2023-11-01 00:53:42.757794112+00:00,2023-11-01 00:53:42.751065665+00:00,0,1,78460,T,A,0,80.66,1,0,14702,171289299,CLF4
2023-11-01 00:54:22.012088260+00:00,2023-11-01 00:54:22.011784857+00:00,0,1,78460,T,B,0,80.67,1,0,16338,171296407,CLF4
2023-11-01 00:54:22.024135816+00:00,2023-11-01 00:54:22.023884065+00:00,0,1,78460,T,B,0,80.67,1,0,17112,171296670,CLF4
2023-11-01 00:54:37.014530939+00:00,2023-11-01 00:54:37.014216593+00:00,0,1,78460,T,B,0,80.68,1,0,16014,171299603,CLF4
2023-11-01 00:55:01.013220369+00:00,2023-11-01 00:55:01.012916397+00:00,0,1,78460,T,B,0,80.68,1,0,16641,171306624,CLF4
2023-11-01 00:55:05.011039415+00:00,2023-11-01 00:55:05.010396361+00:00,0,1,78460,T,N,0,80.68,1,0,17251,171308331,CLF4
2023-11-01 00:55:05.026917423+00:00,2023-11-01 00:55:05.021846891+00:00,0,1,78460,T,A,0,80.67,1,0,13897,171308886,CLF4
2023-11-01 00:55:12.763247736+00:00,2023-11-01 00:55:12.762921361+00:00,0,1,78460,T,B,0,80.68,1,0,16967,171310810,CLF4
2023-11-01 00:55:17.260564853+00:00,2023-11-01 00:55:17.260289767+00:00,0,1,78460,T,A,0,80.68,1,0,17645,171312212,CLF4
2023-11-01 00:55:51.189444321+00:00,2023-11-01 00:55:51.181348871+00:00,0,1,78460,T,N,0,80.7,1,0,15194,171317394,CLF4
2023-11-01 00:55:51.189646137+00:00,2023-11-01 00:55:51.181570351+00:00,0,1,78460,T,B,0,80.7,1,0,14222,171317408,CLF4
2023-11-01 00:56:04.697803804+00:00,2023-11-01 00:56:04.697566845+00:00,0,1,78460,T,A,0,80.7,1,0,16009,171321043,CLF4
2023-11-01 00:57:02.628280089+00:00,2023-11-01 00:57:02.628006739+00:00,0,1,78460,T,A,0,80.71,1,0,16740,171329766,CLF4
2023-11-01 00:57:22.670235668+00:00,2023-11-01 00:57:22.669299521+00:00,0,1,78460,T,N,0,80.72,1,0,16044,171331716,CLF4
2023-11-01 00:58:29.280937521+00:00,2023-11-01 00:58:29.280203633+00:00,0,1,78460,T,N,0,80.72,1,0,17378,171341124,CLF4
2023-11-01 00:58:29.281007944+00:00,2023-11-01 00:58:29.280211569+00:00,0,1,78460,T,B,0,80.72,1,0,13888,171341131,CLF4
2023-11-01 00:58:57.190782172+00:00,2023-11-01 00:58:57.181889343+00:00,0,1,78460,T,N,0,80.72,3,0,14033,171345313,CLF4
2023-11-01 00:59:00.397853330+00:00,2023-11-01 00:59:00.397260975+00:00,0,1,78460,T,A,0,80.7,1,0,13502,171348245,CLF4
2023-11-01 00:59:15.328829607+00:00,2023-11-01 00:59:15.328348805+00:00,0,1,78460,T,A,0,80.68,1,128,17254,171353400,CLF4
2023-11-01 00:59:21.867197808+00:00,2023-11-01 00:59:21.866923379+00:00,0,1,78460,T,A,0,80.68,1,0,17145,171354051,CLF4
2023-11-01 00:59:26.776527103+00:00,2023-11-01 00:59:26.773230891+00:00,0,1,78460,T,B,0,80.7,1,0,17466,171354662,CLF4
2023-11-01 00:59:33.855460506+00:00,2023-11-01 00:59:33.854382311+00:00,0,1,78460,T,N,0,80.71,2,0,17291,171357093,CLF4
2023-11-01 01:00:00.626569448+00:00,2023-11-01 01:00:00.626070483+00:00,0,1,78460,T,N,0,80.7,1,0,17504,171368741,CLF4
2023-11-01 01:00:01.144039483+00:00,2023-11-01 01:00:01.143502587+00:00,0,1,78460,T,A,0,80.69,1,0,17170,171369638,CLF4
2023-11-01 01:00:03.279603204+00:00,2023-11-01 01:00:03.271101873+00:00,0,1,78460,T,N,0,80.71,1,0,14322,171376781,CLF4
2023-11-01 01:00:03.419612754+00:00,2023-11-01 01:00:03.418781745+00:00,0,1,78460,T,B,0,80.72,1,0,13809,171377440,CLF4
2023-11-01 01:00:03.430933914+00:00,2023-11-01 01:00:03.430223703+00:00,0,1,78460,T,B,0,80.72,1,0,13911,171377737,CLF4
2023-11-01 01:00:03.911230923+00:00,2023-11-01 01:00:03.909325951+00:00,0,1,78460,T,A,0,80.73,1,128,14048,171379028,CLF4
2023-11-01 01:00:04.023620997+00:00,2023-11-01 01:00:04.015548917+00:00,0,1,78460,T,A,0,80.73,1,0,17971,171380073,CLF4
2023-11-01 01:00:04.831869521+00:00,2023-11-01 01:00:04.831266889+00:00,0,1,78460,T,B,0,80.73,1,0,18927,171383427,CLF4
2023-11-01 01:00:04.935373396+00:00,2023-11-01 01:00:04.934674205+00:00,0,1,78460,T,N,0,80.74,1,0,18242,171384082,CLF4
2023-11-01 01:00:04.939127218+00:00,2023-11-01 01:00:04.935388163+00:00,0,1,78460,T,N,0,80.75,3,0,18372,171384344,CLF4
2023-11-01 01:00:04.943755341+00:00,2023-11-01 01:00:04.938317563+00:00,0,1,78460,T,A,0,80.74,3,0,14336,171384695,CLF4
2023-11-01 01:00:04.945170614+00:00,2023-11-01 01:00:04.938480901+00:00,0,1,78460,T,B,0,80.75,3,128,14016,171384800,CLF4
2023-11-01 01:00:04.954713806+00:00,2023-11-01 01:00:04.947821857+00:00,0,1,78460,T,A,0,80.73,2,0,14954,171385518,CLF4
2023-11-01 01:00:04.959598381+00:00,2023-11-01 01:00:04.952043711+00:00,0,1,78460,T,A,0,80.73,1,0,13702,171385892,CLF4
2023-11-01 01:00:05.071726364+00:00,2023-11-01 01:00:05.071366257+00:00,0,1,78460,T,B,0,80.74,1,0,15313,171387697,CLF4
2023-11-01 01:00:05.953258241+00:00,2023-11-01 01:00:05.953001495+00:00,0,1,78460,T,B,0,80.77,1,0,17085,171391737,CLF4
2023-11-01 01:00:06.005210345+00:00,2023-11-01 01:00:06.003809011+00:00,0,1,78460,T,A,0,80.78,1,0,14029,171393323,CLF4
2023-11-01 01:00:06.007761281+00:00,2023-11-01 01:00:06.006104475+00:00,0,1,78460,T,N,0,80.78,1,0,13917,171393519,CLF4
2023-11-01 01:00:06.008031062+00:00,2023-11-01 01:00:06.006394109+00:00,0,1,78460,T,B,0,80.78,1,0,13660,171393539,CLF4
2023-11-01 01:00:06.081260286+00:00,2023-11-01 01:00:06.081035149+00:00,0,1,78460,T,B,0,80.78,1,0,17390,171394222,CLF4
2023-11-01 01:00:06.081540791+00:00,2023-11-01 01:00:06.081317911+00:00,0,1,78460,T,B,0,80.78,1,0,17468,171394229,CLF4
2023-11-01 01:00:06.588096471+00:00,2023-11-01 01:00:06.587826729+00:00,0,1,78460,T,A,0,80.79,1,0,14029,171397297,CLF4
2023-11-01 01:00:06.916034439+00:00,2023-11-01 01:00:06.915795719+00:00,0,1,78460,T,B,0,80.8,1,0,17640,171398065,CLF4
2023-11-01 01:00:06.916340954+00:00,2023-11-01 01:00:06.916089007+00:00,0,1,78460,T,B,0,80.8,1,0,14477,171398080,CLF4
2023-11-01 01:00:07.086555542+00:00,2023-11-01 01:00:07.084973487+00:00,0,1,78460,T,A,0,80.78,1,0,13873,171398853,CLF4
2023-11-01 01:00:07.209392660+00:00,2023-11-01 01:00:07.208966383+00:00,0,1,78460,T,B,0,80.79,1,0,15220,171399869,CLF4
2023-11-01 01:00:07.209434990+00:00,2023-11-01 01:00:07.209217531+00:00,0,1,78460,T,B,0,80.79,1,0,16018,171399871,CLF4
2023-11-01 01:00:07.592028976+00:00,2023-11-01 01:00:07.590970749+00:00,0,1,78460,T,B,0,80.8,1,0,13419,171400991,CLF4
2023-11-01 01:00:07.631838574+00:00,2023-11-01 01:00:07.631615221+00:00,0,1,78460,T,B,0,80.8,1,0,17609,171401465,CLF4
2023-11-01 01:00:08.173042152+00:00,2023-11-01 01:00:08.172691565+00:00,0,1,78460,T,A,0,80.8,1,128,17225,171403298,CLF4
2023-11-01 01:00:08.195053766+00:00,2023-11-01 01:00:08.194785829+00:00,0,1,78460,T,B,0,80.81,1,0,17224,171403558,CLF4
2023-11-01 01:00:08.417609924+00:00,2023-11-01 01:00:08.417123965+00:00,0,1,78460,T,B,0,80.82,1,0,14063,171404384,CLF4
2023-11-01 01:00:08.559491497+00:00,2023-11-01 01:00:08.559050755+00:00,0,1,78460,T,A,0,80.81,1,0,13863,171405168,CLF4
2023-11-01 01:00:08.620859360+00:00,2023-11-01 01:00:08.619464807+00:00,0,1,78460,T,B,0,80.83,2,0,14258,171405644,CLF4
2023-11-01 01:00:08.953666715+00:00,2023-11-01 01:00:08.952719259+00:00,0,1,78460,T,A,0,80.82,1,0,17852,171407858,CLF4
2023-11-01 01:00:08.955497137+00:00,2023-11-01 01:00:08.954319235+00:00,0,1,78460,T,B,0,80.82,1,0,16934,171408005,CLF4
2023-11-01 01:00:08.955860400+00:00,2023-11-01 01:00:08.955502395+00:00,0,1,78460,T,B,0,80.82,1,0,13990,171408037,CLF4
2023-11-01 01:00:09.521560065+00:00,2023-11-01 01:00:09.513637617+00:00,0,1,78460,T,B,0,80.83,1,0,17334,171408744,CLF4
2023-11-01 01:00:09.521792644+00:00,2023-11-01 01:00:09.513777085+00:00,0,1,78460,T,B,0,80.83,1,0,14607,171408753,CLF4
2023-11-01 01:00:09.870975552+00:00,2023-11-01 01:00:09.862930895+00:00,0,1,78460,T,B,0,80.84,2,0,14393,171409348,CLF4
2023-11-01 01:00:09.880667094+00:00,2023-11-01 01:00:09.875087227+00:00,0,1,78460,T,A,0,80.84,1,0,13884,171410053,CLF4
2023-11-01 01:00:10.195988437+00:00,2023-11-01 01:00:10.195759193+00:00,0,1,78460,T,A,0,80.84,1,0,17386,171412317,CLF4
2023-11-01 01:00:10.767139695+00:00,2023-11-01 01:00:10.766791475+00:00,0,1,78460,T,B,0,80.85,1,0,14369,171413460,CLF4
2023-11-01 01:00:10.992044446+00:00,2023-11-01 01:00:10.991803273+00:00,0,1,78460,T,B,0,80.85,1,0,18059,171414563,CLF4
2023-11-01 01:00:11.396776783+00:00,2023-11-01 01:00:11.396521801+00:00,0,1,78460,T,B,0,80.85,1,0,17656,171415189,CLF4
2023-11-01 01:00:11.404562022+00:00,2023-11-01 01:00:11.398744449+00:00,0,1,78460,T,B,0,80.85,1,0,13726,171415215,CLF4
2023-11-01 01:00:11.404622691+00:00,2023-11-01 01:00:11.398750995+00:00,0,1,78460,T,B,0,80.85,1,0,13890,171415219,CLF4
2023-11-01 01:00:11.406976100+00:00,2023-11-01 01:00:11.406026287+00:00,0,1,78460,T,N,0,80.85,1,0,17546,171415350,CLF4
2023-11-01 01:00:11.828016102+00:00,2023-11-01 01:00:11.827746255+00:00,0,1,78460,T,B,0,80.85,1,0,17732,171415738,CLF4
2023-11-01 01:00:11.910448304+00:00,2023-11-01 01:00:11.910168783+00:00,0,1,78460,T,A,0,80.84,1,0,17307,171415946,CLF4
2023-11-01 01:00:13.588423208+00:00,2023-11-01 01:00:13.588194563+00:00,0,1,78460,T,A,0,80.77,1,0,17788,171423269,CLF4
2023-11-01 01:00:15.179400873+00:00,2023-11-01 01:00:15.179014705+00:00,0,1,78460,T,B,0,80.75,1,0,15289,171428344,CLF4
2023-11-01 01:00:20.558229977+00:00,2023-11-01 01:00:20.557845449+00:00,0,1,78460,T,B,0,80.75,1,0,13897,171437009,CLF4
2023-11-01 01:00:20.568805438+00:00,2023-11-01 01:00:20.559057333+00:00,0,1,78460,T,B,0,80.76,1,0,13979,171437158,CLF4
2023-11-01 01:00:20.579195167+00:00,2023-11-01 01:00:20.574599895+00:00,0,1,78460,T,B,0,80.77,1,0,13835,171437950,CLF4
2023-11-01 01:00:21.135042717+00:00,2023-11-01 01:00:21.134032239+00:00,0,1,78460,T,B,0,80.78,1,0,14366,171440683,CLF4
2023-11-01 01:00:21.154245219+00:00,2023-11-01 01:00:21.153214365+00:00,0,1,78460,T,N,0,80.79,1,0,13784,171441573,CLF4
2023-11-01 01:00:21.437226496+00:00,2023-11-01 01:00:21.436589665+00:00,0,1,78460,T,A,0,80.79,1,0,13391,171443439,CLF4
2023-11-01 01:00:30.376533997+00:00,2023-11-01 01:00:30.370151149+00:00,0,1,78460,T,A,0,80.78,2,0,13890,171451542,CLF4
2023-11-01 01:00:30.805727111+00:00,2023-11-01 01:00:30.801085559+00:00,0,1,78460,T,B,0,80.79,2,0,14729,171452673,CLF4
2023-11-01 01:00:31.157421896+00:00,2023-11-01 01:00:31.156956551+00:00,0,1,78460,T,A,0,80.8,1,0,13718,171455103,CLF4
2023-11-01 01:00:36.287811532+00:00,2023-11-01 01:00:36.279532535+00:00,0,1,78460,T,B,0,80.8,1,0,13822,171458811,CLF4
2023-11-01 01:00:36.295524606+00:00,2023-11-01 01:00:36.289229011+00:00,0,1,78460,T,B,0,80.81,1,0,13409,171459314,CLF4
2023-11-01 01:00:36.297232145+00:00,2023-11-01 01:00:36.291467343+00:00,0,1,78460,T,A,0,80.8,1,0,13908,171459433,CLF4
2023-11-01 01:00:40.041451660+00:00,2023-11-01 01:00:40.041110761+00:00,0,1,78460,T,A,0,80.8,1,0,18383,171461102,CLF4
2023-11-01 01:00:45.672870756+00:00,2023-11-01 01:00:45.664569279+00:00,0,1,78460,T,B,0,80.81,1,0,16391,171466228,CLF4
2023-11-01 01:00:45.672976922+00:00,2023-11-01 01:00:45.664580613+00:00,0,1,78460,T,N,0,80.81,1,0,13616,171466237,CLF4
2023-11-01 01:00:45.877728910+00:00,2023-11-01 01:00:45.877327037+00:00,0,1,78460,T,A,0,80.82,1,0,17673,171468983,CLF4
2023-11-01 01:00:45.953279298+00:00,2023-11-01 01:00:45.952967749+00:00,0,1,78460,T,B,0,80.83,1,0,17347,171469253,CLF4
2023-11-01 01:00:48.102253574+00:00,2023-11-01 01:00:48.094331773+00:00,0,1,78460,T,A,0,80.81,2,0,13422,171472243,CLF4
2023-11-01 01:00:52.231836624+00:00,2023-11-01 01:00:52.231320573+00:00,0,1,78460,T,B,0,80.82,1,0,13333,171475283,CLF4
2023-11-01 01:00:52.242089986+00:00,2023-11-01 01:00:52.232791737+00:00,0,1,78460,T,B,0,80.83,2,0,13552,171475436,CLF4
2023-11-01 01:01:00.193456363+00:00,2023-11-01 01:01:00.184451427+00:00,0,1,78460,T,B,0,80.81,1,0,15662,171483429,CLF4
2023-11-01 01:01:01.529557074+00:00,2023-11-01 01:01:01.523750153+00:00,0,1,78460,T,A,0,80.8,1,0,13714,171486248,CLF4
2023-11-01 01:01:05.716942550+00:00,2023-11-01 01:01:05.712816401+00:00,0,1,78460,T,B,0,80.8,1,0,14283,171492321,CLF4
2023-11-01 01:01:07.469196090+00:00,2023-11-01 01:01:07.460793827+00:00,0,1,78460,T,A,0,80.79,1,0,17572,171495513,CLF4
2023-11-01 01:01:11.927634267+00:00,2023-11-01 01:01:11.927307829+00:00,0,1,78460,T,B,0,80.81,1,0,13808,171498566,CLF4
2023-11-01 01:01:11.935958585+00:00,2023-11-01 01:01:11.927475699+00:00,0,1,78460,T,B,0,80.81,1,0,13711,171498579,CLF4
2023-11-01 01:01:12.592129054+00:00,2023-11-01 01:01:12.583478799+00:00,0,1,78460,T,A,0,80.82,1,0,13210,171502602,CLF4
2023-11-01 01:01:32.016217261+00:00,2023-11-01 01:01:32.015845223+00:00,0,1,78460,T,A,0,80.81,1,0,13893,171514569,CLF4
2023-11-01 01:01:38.807688284+00:00,2023-11-01 01:01:38.806931919+00:00,0,1,78460,T,B,0,80.81,2,0,14422,171521534,CLF4
2023-11-01 01:01:44.657705+00:00,2023-11-01 01:01:44.657432789+00:00,0,1,78460,T,B,0,80.83,1,0,17171,171527419,CLF4
2023-11-01 01:02:00.941909045+00:00,2023-11-01 01:02:00.941606613+00:00,0,1,78460,T,A,0,80.79,1,0,19459,171535604,CLF4
2023-11-01 01:02:10.664935863+00:00,2023-11-01 01:02:10.662760421+00:00,0,1,78460,T,B,0,80.82,1,0,16858,171544068,CLF4
2023-11-01 01:02:23.542979388+00:00,2023-11-01 01:02:23.542516117+00:00,0,1,78460,T,A,0,80.85,1,0,17576,171555214,CLF4
2023-11-01 01:02:25.270716938+00:00,2023-11-01 01:02:25.262030653+00:00,0,1,78460,T,B,0,80.87,3,0,14419,171556996,CLF4
2023-11-01 01:02:31.864293500+00:00,2023-11-01 01:02:31.863712673+00:00,0,1,78460,T,N,0,80.86,2,0,18264,171571031,CLF4
2023-11-01 01:02:31.874705713+00:00,2023-11-01 01:02:31.864322137+00:00,0,1,78460,T,B,0,80.87,4,0,13798,171571192,CLF4
2023-11-01 01:02:31.878249392+00:00,2023-11-01 01:02:31.865257025+00:00,0,1,78460,T,A,0,80.87,2,0,14510,171571435,CLF4
2023-11-01 01:02:31.878249392+00:00,2023-11-01 01:02:31.865257025+00:00,0,1,78460,T,A,0,80.86,4,0,14510,171571435,CLF4
2023-11-01 01:02:31.878792111+00:00,2023-11-01 01:02:31.865534629+00:00,0,1,78460,T,N,0,80.86,1,0,14051,171571475,CLF4
2023-11-01 01:02:31.880535233+00:00,2023-11-01 01:02:31.866666265+00:00,0,1,78460,T,A,0,80.86,1,0,16875,171571594,CLF4
2023-11-01 01:02:34.587531212+00:00,2023-11-01 01:02:34.583678225+00:00,0,1,78460,T,B,0,80.88,1,0,16838,171577585,CLF4
2023-11-01 01:02:35.013647055+00:00,2023-11-01 01:02:35.013389959+00:00,0,1,78460,T,A,0,80.88,1,0,16388,171579060,CLF4
2023-11-01 01:02:37.863867351+00:00,2023-11-01 01:02:37.863006391+00:00,0,1,78460,T,A,0,80.89,1,0,13512,171582173,CLF4
2023-11-01 01:02:40.377325247+00:00,2023-11-01 01:02:40.376989521+00:00,0,1,78460,T,A,0,80.88,1,0,17344,171584509,CLF4
2023-11-01 01:03:00.591948402+00:00,2023-11-01 01:03:00.583326953+00:00,0,1,78460,T,A,0,80.86,1,128,25218,171592149,CLF4
2023-11-01 01:03:00.968400427+00:00,2023-11-01 01:03:00.964080189+00:00,0,1,78460,T,B,0,80.88,1,0,13179,171595320,CLF4
2023-11-01 01:03:01.595117016+00:00,2023-11-01 01:03:01.586978977+00:00,0,1,78460,T,A,0,80.87,1,0,13892,171597719,CLF4
2023-11-01 01:03:06.646925938+00:00,2023-11-01 01:03:06.646623427+00:00,0,1,78460,T,A,0,80.85,1,0,19376,171601667,CLF4
2023-11-01 01:03:13.359752527+00:00,2023-11-01 01:03:13.359461911+00:00,0,1,78460,T,B,0,80.89,1,0,16196,171605750,CLF4
2023-11-01 01:03:16.248668987+00:00,2023-11-01 01:03:16.239890797+00:00,0,1,78460,T,A,0,80.9,1,0,13076,171609568,CLF4
2023-11-01 01:03:19.003292644+00:00,2023-11-01 01:03:18.992641843+00:00,0,1,78460,T,B,0,80.9,1,0,13628,171611567,CLF4
2023-11-01 01:03:19.005803472+00:00,2023-11-01 01:03:18.994129633+00:00,0,1,78460,T,N,0,80.91,1,0,14478,171611743,CLF4
2023-11-01 01:03:19.009354846+00:00,2023-11-01 01:03:18.994923003+00:00,0,1,78460,T,N,0,80.92,2,0,13827,171611999,CLF4
2023-11-01 01:03:19.011635045+00:00,2023-11-01 01:03:18.995356445+00:00,0,1,78460,T,B,0,80.93,1,0,13652,171612165,CLF4
2023-11-01 01:03:19.011875555+00:00,2023-11-01 01:03:18.995388321+00:00,0,1,78460,T,B,0,80.93,22,0,14610,171612183,CLF4
2023-11-01 01:03:19.015174628+00:00,2023-11-01 01:03:18.996563919+00:00,0,1,78460,T,B,0,80.94,2,0,14138,171612420,CLF4
2023-11-01 01:03:19.015480826+00:00,2023-11-01 01:03:18.997038625+00:00,0,1,78460,T,B,0,80.95,1,0,13856,171612446,CLF4
2023-11-01 01:03:19.016834660+00:00,2023-11-01 01:03:18.999864283+00:00,0,1,78460,T,B,0,80.95,1,0,14243,171612562,CLF4
2023-11-01 01:03:19.033786563+00:00,2023-11-01 01:03:19.014222607+00:00,0,1,78460,T,A,0,80.94,1,0,14256,171613950,CLF4
2023-11-01 01:03:19.033786563+00:00,2023-11-01 01:03:19.014222607+00:00,0,1,78460,T,A,0,80.93,1,0,14256,171613950,CLF4
2023-11-01 01:03:19.035967806+00:00,2023-11-01 01:03:19.016109195+00:00,0,1,78460,T,A,0,80.94,1,0,13799,171614122,CLF4
2023-11-01 01:03:19.039838274+00:00,2023-11-01 01:03:19.022957901+00:00,0,1,78460,T,N,0,80.94,1,0,13773,171614448,CLF4
2023-11-01 01:03:19.051328800+00:00,2023-11-01 01:03:19.035950061+00:00,0,1,78460,T,A,0,80.93,2,0,14360,171615360,CLF4
2023-11-01 01:03:19.051851684+00:00,2023-11-01 01:03:19.035997321+00:00,0,1,78460,T,A,0,80.93,1,128,15322,171615399,CLF4
2023-11-01 01:03:19.051914812+00:00,2023-11-01 01:03:19.036023401+00:00,0,1,78460,T,A,0,80.93,1,128,15624,171615403,CLF4
2023-11-01 01:03:19.052682041+00:00,2023-11-01 01:03:19.036416655+00:00,0,1,78460,T,A,0,80.93,1,128,14489,171615454,CLF4
2023-11-01 01:03:19.053286050+00:00,2023-11-01 01:03:19.036772489+00:00,0,1,78460,T,A,0,80.92,3,0,17987,171615494,CLF4
2023-11-01 01:03:19.053387094+00:00,2023-11-01 01:03:19.036779671+00:00,0,1,78460,T,A,0,80.92,1,128,18044,171615501,CLF4
2023-11-01 01:03:19.060793705+00:00,2023-11-01 01:03:19.046544311+00:00,0,1,78460,T,B,0,80.93,2,0,13620,171616062,CLF4
2023-11-01 01:03:19.061271300+00:00,2023-11-01 01:03:19.046847425+00:00,0,1,78460,T,B,0,80.93,1,0,13593,171616101,CLF4
2023-11-01 01:03:19.062786026+00:00,2023-11-01 01:03:19.048840969+00:00,0,1,78460,T,B,0,80.93,1,0,13516,171616227,CLF4
2023-11-01 01:03:19.065541818+00:00,2023-11-01 01:03:19.052412317+00:00,0,1,78460,T,A,0,80.92,2,0,13507,171616428,CLF4
2023-11-01 01:03:19.073270123+00:00,2023-11-01 01:03:19.063604575+00:00,0,1,78460,T,A,0,80.92,2,0,13734,171616997,CLF4
2023-11-01 01:03:20.194088134+00:00,2023-11-01 01:03:20.191466535+00:00,0,1,78460,T,A,0,80.93,1,0,13507,171621534,CLF4
2023-11-01 01:03:24.174256504+00:00,2023-11-01 01:03:24.173998505+00:00,0,1,78460,T,B,0,80.95,1,0,17730,171625818,CLF4
2023-11-01 01:03:27.083907218+00:00,2023-11-01 01:03:27.075302073+00:00,0,1,78460,T,B,0,80.96,2,0,14036,171627346,CLF4
2023-11-01 01:03:29.884879604+00:00,2023-11-01 01:03:29.884323231+00:00,0,1,78460,T,A,0,80.95,1,0,16882,171632188,CLF4
2023-11-01 01:03:34.346640353+00:00,2023-11-01 01:03:34.345764065+00:00,0,1,78460,T,A,0,80.96,1,0,14394,171638701,CLF4
2023-11-01 01:03:38.849660809+00:00,2023-11-01 01:03:38.848644303+00:00,0,1,78460,T,B,0,80.96,1,0,19352,171641502,CLF4
2023-11-01 01:03:38.854692477+00:00,2023-11-01 01:03:38.850593661+00:00,0,1,78460,T,A,0,80.96,1,128,13656,171641854,CLF4
2023-11-01 01:04:00.788461904+00:00,2023-11-01 01:04:00.779495819+00:00,0,1,78460,T,B,0,80.94,1,0,16237,171653650,CLF4
2023-11-01 01:04:00.793385119+00:00,2023-11-01 01:04:00.791446123+00:00,0,1,78460,T,A,0,80.94,1,0,14011,171653981,CLF4
2023-11-01 01:04:01.317376871+00:00,2023-11-01 01:04:01.315561773+00:00,0,1,78460,T,A,0,80.93,1,0,14111,171655237,CLF4
2023-11-01 01:04:09.698159154+00:00,2023-11-01 01:04:09.697879047+00:00,0,1,78460,T,B,0,80.96,1,0,18331,171667884,CLF4
2023-11-01 01:04:12.521941766+00:00,2023-11-01 01:04:12.521622685+00:00,0,1,78460,T,B,0,80.96,1,0,16172,171669828,CLF4
2023-11-01 01:04:22.392814654+00:00,2023-11-01 01:04:22.392533131+00:00,0,1,78460,T,B,0,80.96,1,0,22062,171670763,CLF4
2023-11-01 01:04:22.401088356+00:00,2023-11-01 01:04:22.393012245+00:00,0,1,78460,T,B,0,80.96,1,0,16264,171670777,CLF4
2023-11-01 01:04:23.277805654+00:00,2023-11-01 01:04:23.275276313+00:00,0,1,78460,T,A,0,80.94,1,0,17317,171671445,CLF4
2023-11-01 01:04:27.794138622+00:00,2023-11-01 01:04:27.793885223+00:00,0,1,78460,T,B,0,80.96,1,0,17019,171674240,CLF4
2023-11-01 01:04:44.632458655+00:00,2023-11-01 01:04:44.631893107+00:00,0,1,78460,T,A,0,80.94,2,128,21307,171678758,CLF4
2023-11-01 01:04:44.641230261+00:00,2023-11-01 01:04:44.633963691+00:00,0,1,78460,T,A,0,80.93,2,0,16098,171678798,CLF4
2023-11-01 01:04:44.659730603+00:00,2023-11-01 01:04:44.651967623+00:00,0,1,78460,T,A,0,80.93,2,0,17791,171679093,CLF4
2023-11-01 01:04:44.660015947+00:00,2023-11-01 01:04:44.652190799+00:00,0,1,78460,T,A,0,80.93,2,128,14067,171679112,CLF4
2023-11-01 01:04:44.661359665+00:00,2023-11-01 01:04:44.659963149+00:00,0,1,78460,T,A,0,80.93,1,0,14204,171679207,CLF4
2023-11-01 01:04:44.661493011+00:00,2023-11-01 01:04:44.659982667+00:00,0,1,78460,T,N,0,80.93,1,0,13224,171679214,CLF4
2023-11-01 01:04:47.406580196+00:00,2023-11-01 01:04:47.406321015+00:00,0,1,78460,T,B,0,80.93,1,0,16785,171682513,CLF4
2023-11-01 01:04:47.546173455+00:00,2023-11-01 01:04:47.545908959+00:00,0,1,78460,T,B,0,80.93,1,0,17652,171682815,CLF4
2023-11-01 01:04:47.554420637+00:00,2023-11-01 01:04:47.546176417+00:00,0,1,78460,T,B,0,80.93,3,0,13733,171682831,CLF4
2023-11-01 01:04:47.556787254+00:00,2023-11-01 01:04:47.556434335+00:00,0,1,78460,T,N,0,80.93,1,0,17430,171682899,CLF4
2023-11-01 01:04:48.747240305+00:00,2023-11-01 01:04:48.746950975+00:00,0,1,78460,T,B,0,80.95,1,0,17455,171685716,CLF4
2023-11-01 01:04:48.751730464+00:00,2023-11-01 01:04:48.751265049+00:00,0,1,78460,T,A,0,80.94,1,0,14083,171685800,CLF4
2023-11-01 01:04:48.847029295+00:00,2023-11-01 01:04:48.846764315+00:00,0,1,78460,T,B,0,80.95,1,0,17247,171685978,CLF4
2023-11-01 01:04:54.432731562+00:00,2023-11-01 01:04:54.432461769+00:00,0,1,78460,T,A,0,80.94,1,0,16867,171686543,CLF4
2023-11-01 01:04:57.383795155+00:00,2023-11-01 01:04:57.377942635+00:00,0,1,78460,T,B,0,80.95,2,0,19860,171686974,CLF4
2023-11-01 01:05:00.651592122+00:00,2023-11-01 01:05:00.651370293+00:00,0,1,78460,T,B,0,80.95,1,0,17122,171688609,CLF4
2023-11-01 01:05:00.934710684+00:00,2023-11-01 01:05:00.934453959+00:00,0,1,78460,T,A,0,80.95,2,0,16872,171689170,CLF4
2023-11-01 01:05:04.844339565+00:00,2023-11-01 01:05:04.843986481+00:00,0,1,78460,T,B,0,80.97,1,0,14013,171692524,CLF4
2023-11-01 01:05:06.514703131+00:00,2023-11-01 01:05:06.514457047+00:00,0,1,78460,T,B,0,81.0,1,0,17066,171697009,CLF4
2023-11-01 01:05:17.019206996+00:00,2023-11-01 01:05:17.018905183+00:00,0,1,78460,T,A,0,80.97,1,0,17704,171704538,CLF4
2023-11-01 01:05:23.342266167+00:00,2023-11-01 01:05:23.341741477+00:00,0,1,78460,T,A,0,80.96,2,0,14332,171706794,CLF4
2023-11-01 01:05:23.947694310+00:00,2023-11-01 01:05:23.947429307+00:00,0,1,78460,T,A,0,80.95,1,0,17169,171707962,CLF4
2023-11-01 01:05:27.549654452+00:00,2023-11-01 01:05:27.549354291+00:00,0,1,78460,T,B,0,80.99,2,0,17413,171711094,CLF4
2023-11-01 01:05:32.309638357+00:00,2023-11-01 01:05:32.309122295+00:00,0,1,78460,T,N,0,81.0,1,0,17808,171714948,CLF4
2023-11-01 01:05:32.828368935+00:00,2023-11-01 01:05:32.827793593+00:00,0,1,78460,T,A,0,81.0,1,0,17490,171715953,CLF4
2023-11-01 01:05:38.311053350+00:00,2023-11-01 01:05:38.310546463+00:00,0,1,78460,T,N,0,81.02,1,0,18132,171721291,CLF4
2023-11-01 01:05:41.047733825+00:00,2023-11-01 01:05:41.047483869+00:00,0,1,78460,T,B,0,81.0,1,0,17034,171728316,CLF4
2023-11-01 01:05:44.217098468+00:00,2023-11-01 01:05:44.214334687+00:00,0,1,78460,T,A,0,80.99,1,0,14219,171731837,CLF4
2023-11-01 01:05:58.842273900+00:00,2023-11-01 01:05:58.841971439+00:00,0,1,78460,T,A,0,80.99,1,0,16970,171737019,CLF4
2023-11-01 01:06:01.278419906+00:00,2023-11-01 01:06:01.277865493+00:00,0,1,78460,T,A,0,80.97,1,0,13926,171739823,CLF4
2023-11-01 01:06:01.281368259+00:00,2023-11-01 01:06:01.277873951+00:00,0,1,78460,T,A,0,80.96,8,0,18047,171739864,CLF4
2023-11-01 01:06:01.288494322+00:00,2023-11-01 01:06:01.281412905+00:00,0,1,78460,T,A,0,80.95,1,0,13992,171740363,CLF4
2023-11-01 01:06:01.294600098+00:00,2023-11-01 01:06:01.287547929+00:00,0,1,78460,T,A,0,80.95,1,128,12956,171740853,CLF4
2023-11-01 01:06:01.299478488+00:00,2023-11-01 01:06:01.294182589+00:00,0,1,78460,T,B,0,80.96,2,0,13669,171741227,CLF4
2023-11-01 01:06:01.747584771+00:00,2023-11-01 01:06:01.739120181+00:00,0,1,78460,T,A,0,80.93,1,0,12972,171745399,CLF4
2023-11-01 01:06:02.027741087+00:00,2023-11-01 01:06:02.026050545+00:00,0,1,78460,T,N,0,80.94,1,0,17573,171746972,CLF4
2023-11-01 01:06:02.029237632+00:00,2023-11-01 01:06:02.028387263+00:00,0,1,78460,T,B,0,80.94,1,0,14799,171747082,CLF4
2023-11-01 01:06:03.008429265+00:00,2023-11-01 01:06:03.008170909+00:00,0,1,78460,T,B,0,80.94,1,0,17919,171749336,CLF4
2023-11-01 01:06:03.109218060+00:00,2023-11-01 01:06:03.108968529+00:00,0,1,78460,T,B,0,80.94,1,0,18142,171749458,CLF4
2023-11-01 01:06:03.218073682+00:00,2023-11-01 01:06:03.217810735+00:00,0,1,78460,T,B,0,80.94,1,0,17007,171749531,CLF4
2023-11-01 01:06:07.303232966+00:00,2023-11-01 01:06:07.299966901+00:00,0,1,78460,T,A,0,80.91,1,0,14490,171757439,CLF4
2023-11-01 01:06:07.319088933+00:00,2023-11-01 01:06:07.318847985+00:00,0,1,78460,T,B,0,80.92,1,0,17186,171757925,CLF4
2023-11-01 01:06:11.747508499+00:00,2023-11-01 01:06:11.747238031+00:00,0,1,78460,T,B,0,80.93,1,0,17276,171766791,CLF4
2023-11-01 01:06:21.432853114+00:00,2023-11-01 01:06:21.432265171+00:00,0,1,78460,T,A,0,80.92,1,0,14209,171773131,CLF4
2023-11-01 01:06:22.448955104+00:00,2023-11-01 01:06:22.448682653+00:00,0,1,78460,T,B,0,80.93,1,0,17452,171774485,CLF4
2023-11-01 01:06:23.586713676+00:00,2023-11-01 01:06:23.585792137+00:00,0,1,78460,T,B,0,80.94,1,0,15459,171775691,CLF4
2023-11-01 01:06:29.181959451+00:00,2023-11-01 01:06:29.176985307+00:00,0,1,78460,T,B,0,80.97,1,128,16187,171780978,CLF4
2023-11-01 01:06:29.188880742+00:00,2023-11-01 01:06:29.180497267+00:00,0,1,78460,T,A,0,80.97,1,0,17603,171781499,CLF4
2023-11-01 01:06:31.278006781+00:00,2023-11-01 01:06:31.277761293+00:00,0,1,78460,T,A,0,80.97,1,0,17430,171788267,CLF4
2023-11-01 01:06:31.786730472+00:00,2023-11-01 01:06:31.786144191+00:00,0,1,78460,T,N,0,80.97,1,0,18141,171789301,CLF4
2023-11-01 01:07:17.116654265+00:00,2023-11-01 01:07:17.116241509+00:00,0,1,78460,T,A,0,80.93,1,0,13478,171809203,CLF4
2023-11-01 01:07:40.149078888+00:00,2023-11-01 01:07:40.148676633+00:00,0,1,78460,T,B,0,80.93,1,0,13571,171818236,CLF4
2023-11-01 01:08:00.371835933+00:00,2023-11-01 01:08:00.371305247+00:00,0,1,78460,T,A,0,80.92,1,0,17238,171835409,CLF4
2023-11-01 01:08:01.427830742+00:00,2023-11-01 01:08:01.427517599+00:00,0,1,78460,T,A,0,80.91,1,0,16162,171836819,CLF4
2023-11-01 01:08:03.269695943+00:00,2023-11-01 01:08:03.268114919+00:00,0,1,78460,T,A,0,80.9,1,0,13855,171838270,CLF4
2023-11-01 01:08:03.368681232+00:00,2023-11-01 01:08:03.368428761+00:00,0,1,78460,T,A,0,80.9,1,0,17173,171839194,CLF4
2023-11-01 01:08:05.168326946+00:00,2023-11-01 01:08:05.168056537+00:00,0,1,78460,T,A,0,80.88,1,0,17240,171841744,CLF4
2023-11-01 01:08:07.710899393+00:00,2023-11-01 01:08:07.710479331+00:00,0,1,78460,T,B,0,80.9,1,0,14125,171842060,CLF4
2023-11-01 01:08:26.235728501+00:00,2023-11-01 01:08:26.235378715+00:00,0,1,78460,T,B,0,80.92,1,0,17372,171852013,CLF4
2023-11-01 01:08:32.010756311+00:00,2023-11-01 01:08:32.009159955+00:00,0,1,78460,T,A,0,80.9,1,0,24396,171855210,CLF4
2023-11-01 01:08:36.474641954+00:00,2023-11-01 01:08:36.474005523+00:00,0,1,78460,T,B,0,80.91,1,0,13870,171857727,CLF4
2023-11-01 01:08:53.271364945+00:00,2023-11-01 01:08:53.270511285+00:00,0,1,78460,T,A,0,80.89,2,0,14719,171862420,CLF4
2023-11-01 01:08:54.254940601+00:00,2023-11-01 01:08:54.254090267+00:00,0,1,78460,T,A,0,80.87,1,0,13505,171865150,CLF4
2023-11-01 01:08:54.255158681+00:00,2023-11-01 01:08:54.254097131+00:00,0,1,78460,T,A,0,80.87,1,128,15176,171865163,CLF4
2023-11-01 01:08:58.240350474+00:00,2023-11-01 01:08:58.238640831+00:00,0,1,78460,T,A,0,80.87,1,0,14201,171868478,CLF4
2023-11-01 01:09:05.440241466+00:00,2023-11-01 01:09:05.439736283+00:00,0,1,78460,T,B,0,80.88,1,0,17137,171870220,CLF4
2023-11-01 01:09:08.389842926+00:00,2023-11-01 01:09:08.388752407+00:00,0,1,78460,T,B,0,80.89,1,0,13754,171872622,CLF4
2023-11-01 01:09:18.593808993+00:00,2023-11-01 01:09:18.592785227+00:00,0,1,78460,T,B,0,80.9,1,0,13840,171875515,CLF4
2023-11-01 01:09:22.339102360+00:00,2023-11-01 01:09:22.338834335+00:00,0,1,78460,T,A,0,80.9,1,0,17476,171877454,CLF4
2023-11-01 01:09:26.677154495+00:00,2023-11-01 01:09:26.676610563+00:00,0,1,78460,T,A,0,80.9,1,0,13749,171880820,CLF4
2023-11-01 01:09:58.067619494+00:00,2023-11-01 01:09:58.065544807+00:00,0,1,78460,T,B,0,80.92,2,0,13838,171886242,CLF4
2023-11-01 01:09:58.072241800+00:00,2023-11-01 01:09:58.066152093+00:00,0,1,78460,T,N,0,80.93,1,0,14095,171886538,CLF4
2023-11-01 01:09:58.106263704+00:00,2023-11-01 01:09:58.105990071+00:00,0,1,78460,T,B,0,80.95,1,0,17250,171889280,CLF4
2023-11-01 01:10:01.986143845+00:00,2023-11-01 01:10:01.985868879+00:00,0,1,78460,T,B,0,80.96,1,0,18142,171897721,CLF4
2023-11-01 01:10:02.370419167+00:00,2023-11-01 01:10:02.370116311+00:00,0,1,78460,T,A,0,80.95,1,0,13812,171898103,CLF4
2023-11-01 01:10:04.304926278+00:00,2023-11-01 01:10:04.303045583+00:00,0,1,78460,T,A,0,80.94,1,128,14258,171900539,CLF4
2023-11-01 01:10:21.169550414+00:00,2023-11-01 01:10:21.169028159+00:00,0,1,78460,T,B,0,80.93,1,0,14171,171923813,CLF4
2023-11-01 01:10:30.025344821+00:00,2023-11-01 01:10:30.024549939+00:00,0,1,78460,T,B,0,80.93,2,0,19910,171927896,CLF4
2023-11-01 01:10:30.027763537+00:00,2023-11-01 01:10:30.025084191+00:00,0,1,78460,T,B,0,80.94,2,0,16779,171928043,CLF4
2023-11-01 01:10:31.681879211+00:00,2023-11-01 01:10:31.681633485+00:00,0,1,78460,T,A,0,80.96,1,0,17256,171932535,CLF4
2023-11-01 01:10:31.682995367+00:00,2023-11-01 01:10:31.682581999+00:00,0,1,78460,T,A,0,80.96,1,0,13845,171932611,CLF4
2023-11-01 01:10:51.532757309+00:00,2023-11-01 01:10:51.532387127+00:00,0,1,78460,T,A,0,80.95,1,0,13413,171939716,CLF4
2023-11-01 01:11:01.417502130+00:00,2023-11-01 01:11:01.417175739+00:00,0,1,78460,T,A,0,80.95,2,0,17524,171946632,CLF4
2023-11-01 01:11:02.851449008+00:00,2023-11-01 01:11:02.851160415+00:00,0,1,78460,T,A,0,80.94,1,0,16699,171948344,CLF4
2023-11-01 01:11:03.007935995+00:00,2023-11-01 01:11:03.007692749+00:00,0,1,78460,T,A,0,80.94,1,0,17441,171948389,CLF4
2023-11-01 01:11:13.291943712+00:00,2023-11-01 01:11:13.291021381+00:00,0,1,78460,T,A,0,80.91,4,0,17671,171953875,CLF4
2023-11-01 01:11:13.292331607+00:00,2023-11-01 01:11:13.291028161+00:00,0,1,78460,T,A,0,80.91,1,128,15983,171953897,CLF4
2023-11-01 01:11:14.009710944+00:00,2023-11-01 01:11:14.008675059+00:00,0,1,78460,T,A,0,80.9,1,0,13302,171956092,CLF4
2023-11-01 01:11:17.820006267+00:00,2023-11-01 01:11:17.818679221+00:00,0,1,78460,T,B,0,80.91,1,0,13805,171958704,CLF4
2023-11-01 01:11:22.442243726+00:00,2023-11-01 01:11:22.441101243+00:00,0,1,78460,T,B,0,80.92,1,0,14027,171959928,CLF4
2023-11-01 01:11:23.340624597+00:00,2023-11-01 01:11:23.340355455+00:00,0,1,78460,T,A,0,80.91,1,0,17329,171961395,CLF4
2023-11-01 01:11:26.470597727+00:00,2023-11-01 01:11:26.470029911+00:00,0,1,78460,T,B,0,80.92,1,0,14267,171961819,CLF4
2023-11-01 01:11:32.010515960+00:00,2023-11-01 01:11:32.010109911+00:00,0,1,78460,T,A,0,80.93,1,0,13570,171966914,CLF4
2023-11-01 01:11:43.982840053+00:00,2023-11-01 01:11:43.982281751+00:00,0,1,78460,T,N,0,80.94,1,0,18609,171969822,CLF4
2023-11-01 01:11:48.601096016+00:00,2023-11-01 01:11:48.600759145+00:00,0,1,78460,T,A,0,80.92,2,0,17492,171972099,CLF4
2023-11-01 01:12:00.164402486+00:00,2023-11-01 01:12:00.162391377+00:00,0,1,78460,T,A,0,80.91,1,0,13703,171975185,CLF4
2023-11-01 01:12:19.353232290+00:00,2023-11-01 01:12:19.352882685+00:00,0,1,78460,T,B,0,80.93,1,0,13913,171983207,CLF4
2023-11-01 01:12:26.727705531+00:00,2023-11-01 01:12:26.726975575+00:00,0,1,78460,T,A,0,80.92,1,0,19613,171985816,CLF4
2023-11-01 01:12:26.729959701+00:00,2023-11-01 01:12:26.727620605+00:00,0,1,78460,T,A,0,80.91,2,0,14225,171985948,CLF4
2023-11-01 01:12:36.480548364+00:00,2023-11-01 01:12:36.480186739+00:00,0,1,78460,T,B,0,80.91,1,0,17669,171990262,CLF4
2023-11-01 01:12:36.678780491+00:00,2023-11-01 01:12:36.678299873+00:00,0,1,78460,T,A,0,80.91,1,128,17743,171991975,CLF4
2023-11-01 01:12:38.038069942+00:00,2023-11-01 01:12:38.037406097+00:00,0,1,78460,T,N,0,80.93,2,0,13877,171992587,CLF4
2023-11-01 01:12:38.043553689+00:00,2023-11-01 01:12:38.038800289+00:00,0,1,78460,T,N,0,80.94,2,0,13718,171992955,CLF4
2023-11-01 01:12:38.044662155+00:00,2023-11-01 01:12:38.039813237+00:00,0,1,78460,T,A,0,80.93,3,128,16377,171993034,CLF4
2023-11-01 01:12:38.060776829+00:00,2023-11-01 01:12:38.060330325+00:00,0,1,78460,T,A,0,80.92,1,0,13459,171994001,CLF4
2023-11-01 01:12:54.085367875+00:00,2023-11-01 01:12:54.084286143+00:00,0,1,78460,T,A,0,80.93,1,0,13664,171998616,CLF4
2023-11-01 01:12:54.088123455+00:00,2023-11-01 01:12:54.085148859+00:00,0,1,78460,T,A,0,80.92,1,128,17256,171998802,CLF4
2023-11-01 01:13:15.022222800+00:00,2023-11-01 01:13:15.020980521+00:00,0,1,78460,T,B,0,80.94,1,0,14205,172005498,CLF4
2023-11-01 01:13:15.028628383+00:00,2023-11-01 01:13:15.023977445+00:00,0,1,78460,T,N,0,80.95,1,0,14459,172005953,CLF4
2023-11-01 01:13:16.014585217+00:00,2023-11-01 01:13:16.014075599+00:00,0,1,78460,T,B,0,80.98,1,0,13723,172010366,CLF4
2023-11-01 01:13:18.946519184+00:00,2023-11-01 01:13:18.946252177+00:00,0,1,78460,T,B,0,81.0,1,0,18455,172015637,CLF4
2023-11-01 01:13:18.946662232+00:00,2023-11-01 01:13:18.946391325+00:00,0,1,78460,T,B,0,81.0,1,0,14109,172015648,CLF4
2023-11-01 01:13:21.252833885+00:00,2023-11-01 01:13:21.252464519+00:00,0,1,78460,T,A,0,80.99,1,0,13597,172016420,CLF4
2023-11-01 01:13:29.080940006+00:00,2023-11-01 01:13:29.080666275+00:00,0,1,78460,T,A,0,80.99,1,0,17337,172022316,CLF4
2023-11-01 01:13:29.459407295+00:00,2023-11-01 01:13:29.458731335+00:00,0,1,78460,T,N,0,80.99,1,0,17407,172022924,CLF4
2023-11-01 01:13:30.101408422+00:00,2023-11-01 01:13:30.101057301+00:00,0,1,78460,T,B,0,80.99,1,0,14158,172024115,CLF4
2023-11-01 01:14:02.865154874+00:00,2023-11-01 01:14:02.864063887+00:00,0,1,78460,T,B,0,80.97,3,0,14803,172037296,CLF4
2023-11-01 01:14:02.878369408+00:00,2023-11-01 01:14:02.876385633+00:00,0,1,78460,T,A,0,80.97,1,0,13760,172038251,CLF4
2023-11-01 01:14:07.251180854+00:00,2023-11-01 01:14:07.250534289+00:00,0,1,78460,T,B,0,80.98,2,0,14682,172040204,CLF4
2023-11-01 01:14:07.303390444+00:00,2023-11-01 01:14:07.302865797+00:00,0,1,78460,T,B,0,80.99,1,0,13724,172040776,CLF4
2023-11-01 01:14:07.304095573+00:00,2023-11-01 01:14:07.303622251+00:00,0,1,78460,T,B,0,80.99,1,0,13578,172040827,CLF4
2023-11-01 01:14:55.368705420+00:00,2023-11-01 01:14:55.367071605+00:00,0,1,78460,T,B,0,81.01,1,0,13672,172052653,CLF4
2023-11-01 01:15:03.028620652+00:00,2023-11-01 01:15:03.028059785+00:00,0,1,78460,T,N,0,80.98,1,0,17536,172058665,CLF4
2023-11-01 01:15:06.919495071+00:00,2023-11-01 01:15:06.919212301+00:00,0,1,78460,T,A,0,80.98,1,0,17226,172061870,CLF4
2023-11-01 01:15:15.091085202+00:00,2023-11-01 01:15:15.090747081+00:00,0,1,78460,T,B,0,80.99,1,0,17443,172063055,CLF4
2023-11-01 01:15:18.540967473+00:00,2023-11-01 01:15:18.539764085+00:00,0,1,78460,T,B,0,80.99,1,0,13728,172064101,CLF4
2023-11-01 01:15:31.346372226+00:00,2023-11-01 01:15:31.345665915+00:00,0,1,78460,T,B,0,81.0,2,0,17212,172067953,CLF4
2023-11-01 01:15:52.061473524+00:00,2023-11-01 01:15:52.059438711+00:00,0,1,78460,T,B,0,81.0,1,0,13614,172075343,CLF4
2023-11-01 01:15:52.061658022+00:00,2023-11-01 01:15:52.059440483+00:00,0,1,78460,T,B,0,81.0,1,0,14114,172075356,CLF4
2023-11-01 01:15:55.582721068+00:00,2023-11-01 01:15:55.582153371+00:00,0,1,78460,T,A,0,80.99,1,0,17454,172077273,CLF4
2023-11-01 01:16:05.882533174+00:00,2023-11-01 01:16:05.882098425+00:00,0,1,78460,T,B,0,81.01,1,0,13962,172080330,CLF4
2023-11-01 01:16:12.729805133+00:00,2023-11-01 01:16:12.729474133+00:00,0,1,78460,T,A,0,81.0,1,0,17142,172083657,CLF4
2023-11-01 01:16:38.649339046+00:00,2023-11-01 01:16:38.649065081+00:00,0,1,78460,T,A,0,80.98,1,0,17148,172089154,CLF4
2023-11-01 01:17:09.402696905+00:00,2023-11-01 01:17:09.401848569+00:00,0,1,78460,T,B,0,80.97,1,0,14378,172101633,CLF4
2023-11-01 01:17:09.544449603+00:00,2023-11-01 01:17:09.544182925+00:00,0,1,78460,T,B,0,80.98,1,0,19885,172103694,CLF4
2023-11-01 01:17:09.605416745+00:00,2023-11-01 01:17:09.605055021+00:00,0,1,78460,T,B,0,80.99,1,0,13895,172104545,CLF4
2023-11-01 01:17:38.368316425+00:00,2023-11-01 01:17:38.367981735+00:00,0,1,78460,T,A,0,80.94,1,0,23565,172113493,CLF4
2023-11-01 01:17:42.375072758+00:00,2023-11-01 01:17:42.374794619+00:00,0,1,78460,T,B,0,80.93,1,0,17572,172115680,CLF4
2023-11-01 01:18:02.718719474+00:00,2023-11-01 01:18:02.717889767+00:00,0,1,78460,T,N,0,80.94,1,0,17675,172124408,CLF4
2023-11-01 01:18:42.029045134+00:00,2023-11-01 01:18:42.027977901+00:00,0,1,78460,T,B,0,80.96,2,0,13566,172135679,CLF4
2023-11-01 01:19:02.011767591+00:00,2023-11-01 01:19:02.011453399+00:00,0,1,78460,T,A,0,80.97,1,0,17905,172142879,CLF4
2023-11-01 01:20:30.988130650+00:00,2023-11-01 01:20:30.987099513+00:00,0,1,78460,T,B,0,80.93,1,0,14526,172161767,CLF4
2023-11-01 01:21:40.709685090+00:00,2023-11-01 01:21:40.709360517+00:00,0,1,78460,T,A,0,80.93,1,0,13888,172175630,CLF4
2023-11-01 01:21:52.208526215+00:00,2023-11-01 01:21:52.208158657+00:00,0,1,78460,T,B,0,80.93,1,0,19623,172176274,CLF4
2023-11-01 01:21:52.208526215+00:00,2023-11-01 01:21:52.208158657+00:00,0,1,78460,T,B,0,80.94,1,0,19623,172176274,CLF4
2023-11-01 01:23:26.127776903+00:00,2023-11-01 01:23:26.127260809+00:00,0,1,78460,T,B,0,80.93,1,0,14455,172186679,CLF4
2023-11-01 01:23:55.192992480+00:00,2023-11-01 01:23:55.192637691+00:00,0,1,78460,T,A,0,80.92,1,0,16367,172191758,CLF4
2023-11-01 01:24:01.520214366+00:00,2023-11-01 01:24:01.511400865+00:00,0,1,78460,T,B,0,80.93,1,0,13857,172192470,CLF4
2023-11-01 01:24:30.108675595+00:00,2023-11-01 01:24:30.108394553+00:00,0,1,78460,T,B,0,80.94,1,0,17294,172199472,CLF4
2023-11-01 01:24:35.096806834+00:00,2023-11-01 01:24:35.096505435+00:00,0,1,78460,T,B,0,80.94,1,0,20170,172201008,CLF4
2023-11-01 01:24:45.836887774+00:00,2023-11-01 01:24:45.836591173+00:00,0,1,78460,T,A,0,80.91,2,0,13890,172205719,CLF4
2023-11-01 01:25:06.921647025+00:00,2023-11-01 01:25:06.920625907+00:00,0,1,78460,T,B,0,80.93,1,0,14000,172212354,CLF4
2023-11-01 01:25:52.486195461+00:00,2023-11-01 01:25:52.485779007+00:00,0,1,78460,T,B,0,80.93,1,0,13460,172221567,CLF4
2023-11-01 01:25:52.767598525+00:00,2023-11-01 01:25:52.765350577+00:00,0,1,78460,T,B,0,80.95,2,0,17753,172222896,CLF4
2023-11-01 01:25:52.771818345+00:00,2023-11-01 01:25:52.770187155+00:00,0,1,78460,T,B,0,80.96,2,0,14414,172223212,CLF4
2023-11-01 01:26:12.346029958+00:00,2023-11-01 01:26:12.345302613+00:00,0,1,78460,T,B,0,80.95,1,128,17395,172235353,CLF4
2023-11-01 01:26:46.698935142+00:00,2023-11-01 01:26:46.698683549+00:00,0,1,78460,T,B,0,80.98,1,0,17328,172244168,CLF4
2023-11-01 01:26:46.707152887+00:00,2023-11-01 01:26:46.698948485+00:00,0,1,78460,T,B,0,80.98,2,0,17686,172244185,CLF4
2023-11-01 01:27:23.371472214+00:00,2023-11-01 01:27:23.370125111+00:00,0,1,78460,T,A,0,80.98,2,128,17620,172252399,CLF4
2023-11-01 01:27:38.581853997+00:00,2023-11-01 01:27:38.581397847+00:00,0,1,78460,T,N,0,80.96,1,0,18051,172256780,CLF4
2023-11-01 01:27:38.583029395+00:00,2023-11-01 01:27:38.582222207+00:00,0,1,78460,T,N,0,80.97,1,0,14876,172256861,CLF4
2023-11-01 01:27:38.591441654+00:00,2023-11-01 01:27:38.591182567+00:00,0,1,78460,T,B,0,80.97,1,0,17393,172257172,CLF4
2023-11-01 01:27:38.684106634+00:00,2023-11-01 01:27:38.683705887+00:00,0,1,78460,T,B,0,80.97,3,128,17597,172257386,CLF4
2023-11-01 01:27:46.158004729+00:00,2023-11-01 01:27:46.154243541+00:00,0,1,78460,T,N,0,80.99,1,0,17638,172258860,CLF4
2023-11-01 01:27:46.158039677+00:00,2023-11-01 01:27:46.154244111+00:00,0,1,78460,T,B,0,80.99,1,0,14187,172258863,CLF4
2023-11-01 01:27:46.166090819+00:00,2023-11-01 01:27:46.163230803+00:00,0,1,78460,T,A,0,80.99,1,0,13409,172259502,CLF4
2023-11-01 01:27:46.197629361+00:00,2023-11-01 01:27:46.197299555+00:00,0,1,78460,T,A,0,80.99,2,0,14149,172260555,CLF4
2023-11-01 01:28:02.577435291+00:00,2023-11-01 01:28:02.577013243+00:00,0,1,78460,T,N,0,80.96,1,0,17854,172267270,CLF4
2023-11-01 01:28:02.577927503+00:00,2023-11-01 01:28:02.577386907+00:00,0,1,78460,T,N,0,80.96,1,0,14225,172267314,CLF4
2023-11-01 01:28:04.005980599+00:00,2023-11-01 01:28:04.005477919+00:00,0,1,78460,T,N,0,80.96,1,0,17974,172273417,CLF4
2023-11-01 01:28:04.007685558+00:00,2023-11-01 01:28:04.006062031+00:00,0,1,78460,T,A,0,80.96,1,0,13523,172273473,CLF4
2023-11-01 01:28:04.017737550+00:00,2023-11-01 01:28:04.014718593+00:00,0,1,78460,T,N,0,80.96,1,0,13932,172274345,CLF4
2023-11-01 01:28:04.020646066+00:00,2023-11-01 01:28:04.017212087+00:00,0,1,78460,T,A,0,80.96,1,0,13430,172274604,CLF4
2023-11-01 01:28:04.055249526+00:00,2023-11-01 01:28:04.055001595+00:00,0,1,78460,T,B,0,80.96,1,0,18124,172275413,CLF4
2023-11-01 01:28:04.314529642+00:00,2023-11-01 01:28:04.314009803+00:00,0,1,78460,T,B,0,80.96,1,128,14074,172276841,CLF4
2023-11-01 01:28:04.315571869+00:00,2023-11-01 01:28:04.314613071+00:00,0,1,78460,T,A,0,80.96,1,0,14314,172276913,CLF4
2023-11-01 01:28:35.797781512+00:00,2023-11-01 01:28:35.797223245+00:00,0,1,78460,T,N,0,80.94,1,0,19091,172286197,CLF4
2023-11-01 01:28:35.799182522+00:00,2023-11-01 01:28:35.797785647+00:00,0,1,78460,T,A,0,80.94,1,0,13753,172286295,CLF4
2023-11-01 01:28:35.818802382+00:00,2023-11-01 01:28:35.818040551+00:00,0,1,78460,T,A,0,80.93,1,0,13955,172287898,CLF4
2023-11-01 01:28:35.824431664+00:00,2023-11-01 01:28:35.824000075+00:00,0,1,78460,T,N,0,80.94,1,0,17449,172288263,CLF4
2023-11-01 01:29:27.448980988+00:00,2023-11-01 01:29:27.440154339+00:00,0,1,78460,T,N,0,80.92,2,0,16527,172301651,CLF4
2023-11-01 01:29:27.450919643+00:00,2023-11-01 01:29:27.440460087+00:00,0,1,78460,T,A,0,80.92,1,0,13875,172301777,CLF4
2023-11-01 01:29:27.457062743+00:00,2023-11-01 01:29:27.443881343+00:00,0,1,78460,T,A,0,80.91,1,0,17829,172302224,CLF4
2023-11-01 01:29:27.593099869+00:00,2023-11-01 01:29:27.592588019+00:00,0,1,78460,T,N,0,80.9,1,0,16149,172306071,CLF4
2023-11-01 01:29:27.601542591+00:00,2023-11-01 01:29:27.592720363+00:00,0,1,78460,T,A,0,80.9,2,0,13601,172306091,CLF4
2023-11-01 01:29:27.609322632+00:00,2023-11-01 01:29:27.607715459+00:00,0,1,78460,T,B,0,80.9,1,128,13721,172306678,CLF4
2023-11-01 01:29:27.833817694+00:00,2023-11-01 01:29:27.825518623+00:00,0,1,78460,T,A,0,80.9,1,0,13897,172307640,CLF4
2023-11-01 01:29:27.833947769+00:00,2023-11-01 01:29:27.825564731+00:00,0,1,78460,T,N,0,80.9,1,0,14351,172307649,CLF4
2023-11-01 01:29:30.238148729+00:00,2023-11-01 01:29:30.235850207+00:00,0,1,78460,T,B,0,80.91,1,0,13394,172310337,CLF4
2023-11-01 01:30:13.759454105+00:00,2023-11-01 01:30:13.750516435+00:00,0,1,78460,T,B,0,80.92,1,0,14099,172319678,CLF4
2023-11-01 01:31:05.050330020+00:00,2023-11-01 01:31:05.041858841+00:00,0,1,78460,T,B,0,80.92,2,0,17358,172326697,CLF4
2023-11-01 01:31:05.050900002+00:00,2023-11-01 01:31:05.047283945+00:00,0,1,78460,T,B,0,80.92,1,128,13872,172326741,CLF4
2023-11-01 01:31:32.075152968+00:00,2023-11-01 01:31:32.074891779+00:00,0,1,78460,T,A,0,80.91,1,0,15932,172329856,CLF4
2023-11-01 01:33:16.027504523+00:00,2023-11-01 01:33:16.021099911+00:00,0,1,78460,T,A,0,80.88,2,0,13659,172347795,CLF4
2023-11-01 01:33:16.734784663+00:00,2023-11-01 01:33:16.734522957+00:00,0,1,78460,T,A,0,80.88,1,0,16822,172351092,CLF4
2023-11-01 01:33:21.166257140+00:00,2023-11-01 01:33:21.165976167+00:00,0,1,78460,T,B,0,80.89,1,0,19660,172351512,CLF4
2023-11-01 01:33:21.635735414+00:00,2023-11-01 01:33:21.635500217+00:00,0,1,78460,T,B,0,80.9,1,0,16525,172352124,CLF4
2023-11-01 01:33:34.329636458+00:00,2023-11-01 01:33:34.329013981+00:00,0,1,78460,T,A,0,80.91,1,0,13725,172356955,CLF4
2023-11-01 01:33:48.689401690+00:00,2023-11-01 01:33:48.688462617+00:00,0,1,78460,T,A,0,80.91,1,0,14693,172358992,CLF4
2023-11-01 01:33:56.834608274+00:00,2023-11-01 01:33:56.834356461+00:00,0,1,78460,T,B,0,80.92,2,0,16631,172360956,CLF4
2023-11-01 01:34:07.222452843+00:00,2023-11-01 01:34:07.221955931+00:00,0,1,78460,T,A,0,80.91,1,0,13476,172364450,CLF4
2023-11-01 01:34:44.068771191+00:00,2023-11-01 01:34:44.060184123+00:00,0,1,78460,T,A,0,80.9,1,0,13824,172369280,CLF4
2023-11-01 01:34:44.071546438+00:00,2023-11-01 01:34:44.062841591+00:00,0,1,78460,T,A,0,80.9,1,0,13702,172369468,CLF4
2023-11-01 01:35:08.555102344+00:00,2023-11-01 01:35:08.554791519+00:00,0,1,78460,T,B,0,80.91,1,0,16497,172375151,CLF4
2023-11-01 01:35:10.851676774+00:00,2023-11-01 01:35:10.846522005+00:00,0,1,78460,T,A,0,80.89,1,0,13998,172375305,CLF4
2023-11-01 01:35:10.854740114+00:00,2023-11-01 01:35:10.847679335+00:00,0,1,78460,T,A,0,80.89,1,0,14153,172375533,CLF4
2023-11-01 01:35:10.869892237+00:00,2023-11-01 01:35:10.867653627+00:00,0,1,78460,T,A,0,80.89,1,0,14010,172376716,CLF4
2023-11-01 01:35:20.618299168+00:00,2023-11-01 01:35:20.618008275+00:00,0,1,78460,T,A,0,80.91,1,0,16788,172379884,CLF4
2023-11-01 01:35:20.620384414+00:00,2023-11-01 01:35:20.619456995+00:00,0,1,78460,T,A,0,80.9,1,0,13978,172380020,CLF4
2023-11-01 01:35:32.357443412+00:00,2023-11-01 01:35:32.348790519+00:00,0,1,78460,T,B,0,80.91,1,0,14098,172381887,CLF4
2023-11-01 01:35:39.208150568+00:00,2023-11-01 01:35:39.207678959+00:00,0,1,78460,T,B,0,80.91,1,0,18350,172383068,CLF4
2023-11-01 01:35:39.208150568+00:00,2023-11-01 01:35:39.207678959+00:00,0,1,78460,T,B,0,80.92,1,0,18350,172383068,CLF4
2023-11-01 01:36:27.967897269+00:00,2023-11-01 01:36:27.967284759+00:00,0,1,78460,T,N,0,80.89,1,0,22266,172389178,CLF4
2023-11-01 01:36:43.335657676+00:00,2023-11-01 01:36:43.335350571+00:00,0,1,78460,T,B,0,80.9,2,0,17269,172391369,CLF4
2023-11-01 01:38:38.357070954+00:00,2023-11-01 01:38:38.348660103+00:00,0,1,78460,T,B,0,80.89,1,0,15211,172408385,CLF4
2023-11-01 01:39:30.937647371+00:00,2023-11-01 01:39:30.935750603+00:00,0,1,78460,T,A,0,80.87,1,0,13196,172415331,CLF4
2023-11-01 01:40:38.596391567+00:00,2023-11-01 01:40:38.596121173+00:00,0,1,78460,T,A,0,80.84,1,0,17209,172442773,CLF4
2023-11-01 01:40:41.582077277+00:00,2023-11-01 01:40:41.581781743+00:00,0,1,78460,T,A,0,80.84,2,0,17257,172443452,CLF4
2023-11-01 01:40:46.027783025+00:00,2023-11-01 01:40:46.027487323+00:00,0,1,78460,T,A,0,80.83,1,0,19076,172444998,CLF4
2023-11-01 01:41:02.864178096+00:00,2023-11-01 01:41:02.863115977+00:00,0,1,78460,T,N,0,80.83,1,0,18312,172448626,CLF4
2023-11-01 01:41:06.002922058+00:00,2023-11-01 01:41:06.002667763+00:00,0,1,78460,T,B,0,80.83,1,0,17568,172450900,CLF4
2023-11-01 01:41:07.174919133+00:00,2023-11-01 01:41:07.174644843+00:00,0,1,78460,T,A,0,80.83,1,0,17190,172451607,CLF4
2023-11-01 01:41:12.925203056+00:00,2023-11-01 01:41:12.924173389+00:00,0,1,78460,T,B,0,80.84,1,0,20028,172452171,CLF4
2023-11-01 01:41:45.887404920+00:00,2023-11-01 01:41:45.887003005+00:00,0,1,78460,T,A,0,80.84,1,0,15188,172455327,CLF4
2023-11-01 01:41:45.895539879+00:00,2023-11-01 01:41:45.887343859+00:00,0,1,78460,T,A,0,80.84,1,0,13960,172455338,CLF4
2023-11-01 01:42:37.709219581+00:00,2023-11-01 01:42:37.708940359+00:00,0,1,78460,T,A,0,80.82,2,0,17642,172473843,CLF4
2023-11-01 01:42:38.022627449+00:00,2023-11-01 01:42:38.021214987+00:00,0,1,78460,T,A,0,80.81,3,0,12874,172474608,CLF4
2023-11-01 01:42:44.819108360+00:00,2023-11-01 01:42:44.815738523+00:00,0,1,78460,T,A,0,80.8,1,0,13714,172477504,CLF4
2023-11-01 01:42:44.821404747+00:00,2023-11-01 01:42:44.821118967+00:00,0,1,78460,T,A,0,80.8,1,0,17058,172477553,CLF4
2023-11-01 01:42:48.496861145+00:00,2023-11-01 01:42:48.496585551+00:00,0,1,78460,T,A,0,80.79,2,0,17174,172479521,CLF4
2023-11-01 01:42:51.428877384+00:00,2023-11-01 01:42:51.428602641+00:00,0,1,78460,T,B,0,80.79,1,0,17452,172480807,CLF4
2023-11-01 01:42:52.628943246+00:00,2023-11-01 01:42:52.628680327+00:00,0,1,78460,T,B,0,80.79,1,0,17234,172481058,CLF4
2023-11-01 01:43:06.974770324+00:00,2023-11-01 01:43:06.974433257+00:00,0,1,78460,T,A,0,80.82,1,0,13826,172485612,CLF4
2023-11-01 01:43:33.777867553+00:00,2023-11-01 01:43:33.777240459+00:00,0,1,78460,T,B,0,80.81,1,128,18365,172493424,CLF4
2023-11-01 01:44:01.209537460+00:00,2023-11-01 01:44:01.209284337+00:00,0,1,78460,T,A,0,80.78,1,0,17871,172499808,CLF4
2023-11-01 01:44:08.980342747+00:00,2023-11-01 01:44:08.979921261+00:00,0,1,78460,T,A,0,80.79,1,0,17136,172502891,CLF4
2023-11-01 01:44:08.983968292+00:00,2023-11-01 01:44:08.980544995+00:00,0,1,78460,T,B,0,80.79,2,0,13825,172503134,CLF4
2023-11-01 01:44:08.985149680+00:00,2023-11-01 01:44:08.981280291+00:00,0,1,78460,T,A,0,80.79,1,0,13791,172503215,CLF4
2023-11-01 01:44:08.988153199+00:00,2023-11-01 01:44:08.985115443+00:00,0,1,78460,T,A,0,80.79,1,0,13174,172503440,CLF4
2023-11-01 01:44:29.054409686+00:00,2023-11-01 01:44:29.053904693+00:00,0,1,78460,T,N,0,80.8,1,0,18217,172507911,CLF4
2023-11-01 01:44:48.136686609+00:00,2023-11-01 01:44:48.135413559+00:00,0,1,78460,T,A,0,80.78,1,0,13578,172515687,CLF4
2023-11-01 01:45:00.002084123+00:00,2023-11-01 01:45:00.000007113+00:00,0,1,78460,T,N,0,80.77,2,0,21814,172519788,CLF4
2023-11-01 01:45:00.002084123+00:00,2023-11-01 01:45:00.000007113+00:00,0,1,78460,T,N,0,80.76,4,0,21814,172519788,CLF4
2023-11-01 01:45:00.022906377+00:00,2023-11-01 01:45:00.016354321+00:00,0,1,78460,T,N,0,80.76,1,0,14047,172521423,CLF4
2023-11-01 01:45:00.029140635+00:00,2023-11-01 01:45:00.027810645+00:00,0,1,78460,T,N,0,80.77,1,0,13642,172521954,CLF4
2023-11-01 01:45:00.029458382+00:00,2023-11-01 01:45:00.028069027+00:00,0,1,78460,T,N,0,80.77,1,0,15942,172521982,CLF4
2023-11-01 01:45:00.029721446+00:00,2023-11-01 01:45:00.028131267+00:00,0,1,78460,T,N,0,80.77,1,0,15095,172521998,CLF4
2023-11-01 01:45:04.213665273+00:00,2023-11-01 01:45:04.212279913+00:00,0,1,78460,T,A,0,80.72,1,0,18980,172534325,CLF4
2023-11-01 01:45:05.494404739+00:00,2023-11-01 01:45:05.493581411+00:00,0,1,78460,T,A,0,80.72,3,0,14277,172535566,CLF4
2023-11-01 01:45:07.258764940+00:00,2023-11-01 01:45:07.258445185+00:00,0,1,78460,T,B,0,80.74,2,0,17043,172537091,CLF4
2023-11-01 01:45:08.027871153+00:00,2023-11-01 01:45:08.027610557+00:00,0,1,78460,T,A,0,80.73,1,0,17797,172537252,CLF4
2023-11-01 01:45:14.108269299+00:00,2023-11-01 01:45:14.107963027+00:00,0,1,78460,T,A,0,80.74,1,0,17104,172539908,CLF4
2023-11-01 01:45:17.113788490+00:00,2023-11-01 01:45:17.112062911+00:00,0,1,78460,T,B,0,80.75,1,0,13437,172541961,CLF4
2023-11-01 01:45:17.115810136+00:00,2023-11-01 01:45:17.114777951+00:00,0,1,78460,T,A,0,80.75,1,0,14314,172542114,CLF4
2023-11-01 01:45:19.300561877+00:00,2023-11-01 01:45:19.300265379+00:00,0,1,78460,T,B,0,80.75,1,0,16517,172544141,CLF4
2023-11-01 01:45:23.476416192+00:00,2023-11-01 01:45:23.476087127+00:00,0,1,78460,T,B,0,80.76,1,0,18152,172546537,CLF4
2023-11-01 01:45:46.842665480+00:00,2023-11-01 01:45:46.842376825+00:00,0,1,78460,T,B,0,80.77,1,0,17013,172555807,CLF4
2023-11-01 01:45:48.974957563+00:00,2023-11-01 01:45:48.974708999+00:00,0,1,78460,T,B,0,80.78,1,0,16831,172557753,CLF4
2023-11-01 01:45:52.602670587+00:00,2023-11-01 01:45:52.601705777+00:00,0,1,78460,T,A,0,80.77,1,0,13532,172560313,CLF4
2023-11-01 01:45:56.631942576+00:00,2023-11-01 01:45:56.631285035+00:00,0,1,78460,T,N,0,80.76,1,0,20446,172563195,CLF4
2023-11-01 01:46:15.752976976+00:00,2023-11-01 01:46:15.752523539+00:00,0,1,78460,T,B,0,80.78,2,0,16285,172569563,CLF4
2023-11-01 01:46:29.338604848+00:00,2023-11-01 01:46:29.337996349+00:00,0,1,78460,T,A,0,80.76,5,0,17249,172571827,CLF4
2023-11-01 01:47:42.351293194+00:00,2023-11-01 01:47:42.350633859+00:00,0,1,78460,T,N,0,80.79,2,0,18784,172584020,CLF4
2023-11-01 01:47:47.685573790+00:00,2023-11-01 01:47:47.685285589+00:00,0,1,78460,T,B,0,80.81,1,0,16358,172586401,CLF4
2023-11-01 01:48:00.020241701+00:00,2023-11-01 01:48:00.019905097+00:00,0,1,78460,T,A,0,80.8,1,0,14175,172587658,CLF4
2023-11-01 01:48:02.182636512+00:00,2023-11-01 01:48:02.174362499+00:00,0,1,78460,T,A,0,80.79,1,0,16684,172588379,CLF4
2023-11-01 01:48:02.190762358+00:00,2023-11-01 01:48:02.189314979+00:00,0,1,78460,T,N,0,80.78,1,0,14457,172589001,CLF4
2023-11-01 01:48:11.020288292+00:00,2023-11-01 01:48:11.019569217+00:00,0,1,78460,T,B,0,80.76,1,0,16250,172594501,CLF4
2023-11-01 01:48:39.449322624+00:00,2023-11-01 01:48:39.440567357+00:00,0,1,78460,T,A,0,80.76,1,0,17517,172599844,CLF4
2023-11-01 01:48:39.458713264+00:00,2023-11-01 01:48:39.452543997+00:00,0,1,78460,T,B,0,80.76,1,0,13585,172600534,CLF4
2023-11-01 01:49:17.083633611+00:00,2023-11-01 01:49:17.082006957+00:00,0,1,78460,T,A,0,80.75,1,0,13830,172613425,CLF4
2023-11-01 01:49:18.046005906+00:00,2023-11-01 01:49:18.045360711+00:00,0,1,78460,T,B,0,80.76,3,0,17464,172614563,CLF4
2023-11-01 01:49:18.046005906+00:00,2023-11-01 01:49:18.045360711+00:00,0,1,78460,T,B,0,80.77,2,0,17464,172614563,CLF4
2023-11-01 01:49:56.009918589+00:00,2023-11-01 01:49:56.009464109+00:00,0,1,78460,T,A,0,80.76,1,0,13737,172623717,CLF4
2023-11-01 01:50:10.670381795+00:00,2023-11-01 01:50:10.670072715+00:00,0,1,78460,T,A,0,80.72,1,0,16612,172629494,CLF4
2023-11-01 01:50:50.631599048+00:00,2023-11-01 01:50:50.630163221+00:00,0,1,78460,T,A,0,80.72,1,0,13422,172645562,CLF4
2023-11-01 01:50:52.786087559+00:00,2023-11-01 01:50:52.785675843+00:00,0,1,78460,T,A,0,80.72,1,0,13501,172646674,CLF4
2023-11-01 01:51:20.828435278+00:00,2023-11-01 01:51:20.827554395+00:00,0,1,78460,T,A,0,80.7,1,0,13882,172651595,CLF4
2023-11-01 01:51:21.294732075+00:00,2023-11-01 01:51:21.294384899+00:00,0,1,78460,T,B,0,80.7,1,0,16761,172653590,CLF4
2023-11-01 01:51:23.218302050+00:00,2023-11-01 01:51:23.218026797+00:00,0,1,78460,T,A,0,80.69,1,0,16474,172654577,CLF4
2023-11-01 01:51:45.557327675+00:00,2023-11-01 01:51:45.557069351+00:00,0,1,78460,T,B,0,80.72,1,0,16485,172665882,CLF4
2023-11-01 01:52:01.199186425+00:00,2023-11-01 01:52:01.198690159+00:00,0,1,78460,T,A,0,80.69,1,0,13810,172669776,CLF4
2023-11-01 01:52:05.339548049+00:00,2023-11-01 01:52:05.338771393+00:00,0,1,78460,T,B,0,80.7,1,0,16996,172672205,CLF4
2023-11-01 01:52:07.084227984+00:00,2023-11-01 01:52:07.083507697+00:00,0,1,78460,T,A,0,80.69,4,0,17159,172673078,CLF4
2023-11-01 01:52:11.255567125+00:00,2023-11-01 01:52:11.255072937+00:00,0,1,78460,T,B,0,80.7,1,0,14146,172674074,CLF4
2023-11-01 01:52:29.389269166+00:00,2023-11-01 01:52:29.388985587+00:00,0,1,78460,T,B,0,80.71,1,0,16499,172678665,CLF4
2023-11-01 01:52:55.185150308+00:00,2023-11-01 01:52:55.184800835+00:00,0,1,78460,T,A,0,80.68,2,0,14768,172684768,CLF4
2023-11-01 01:53:04.780723967+00:00,2023-11-01 01:53:04.779952083+00:00,0,1,78460,T,N,0,80.69,2,0,17537,172690418,CLF4
2023-11-01 01:53:09.931504033+00:00,2023-11-01 01:53:09.931210335+00:00,0,1,78460,T,B,0,80.71,1,0,15754,172694078,CLF4
2023-11-01 01:53:15.510198260+00:00,2023-11-01 01:53:15.509607013+00:00,0,1,78460,T,A,0,80.7,1,0,14487,172696427,CLF4
2023-11-01 01:56:02.864277566+00:00,2023-11-01 01:56:02.863884069+00:00,0,1,78460,T,A,0,80.66,1,0,13701,172725519,CLF4
2023-11-01 01:57:42.240020694+00:00,2023-11-01 01:57:42.230458209+00:00,0,1,78460,T,B,0,80.68,1,0,13731,172741740,CLF4
2023-11-01 01:58:16.453970683+00:00,2023-11-01 01:58:16.453080325+00:00,0,1,78460,T,N,0,80.7,1,0,22269,172755583,CLF4
2023-11-01 01:58:16.462748536+00:00,2023-11-01 01:58:16.455358593+00:00,0,1,78460,T,B,0,80.7,1,0,16639,172755624,CLF4
2023-11-01 01:58:16.469237778+00:00,2023-11-01 01:58:16.467760913+00:00,0,1,78460,T,A,0,80.7,1,128,13754,172755967,CLF4
2023-11-01 01:58:26.256660558+00:00,2023-11-01 01:58:26.256378689+00:00,0,1,78460,T,A,0,80.69,1,0,14474,172756943,CLF4
2023-11-01 02:00:10.820737598+00:00,2023-11-01 02:00:10.819400493+00:00,0,1,78460,T,A,0,80.69,1,128,13582,172790136,CLF4
2023-11-01 02:01:00.065347058+00:00,2023-11-01 02:01:00.065059383+00:00,0,1,78460,T,B,0,80.7,1,0,14050,172803974,CLF4
2023-11-01 02:01:33.211054194+00:00,2023-11-01 02:01:33.202337441+00:00,0,1,78460,T,A,0,80.67,1,0,17115,172820092,CLF4
2023-11-01 02:01:33.213195624+00:00,2023-11-01 02:01:33.203396203+00:00,0,1,78460,T,A,0,80.67,2,0,13710,172820242,CLF4
2023-11-01 02:01:33.213444889+00:00,2023-11-01 02:01:33.204535647+00:00,0,1,78460,T,A,0,80.67,1,0,14809,172820262,CLF4
2023-11-01 02:01:33.213970666+00:00,2023-11-01 02:01:33.211069081+00:00,0,1,78460,T,A,0,80.67,6,0,18191,172820306,CLF4
2023-11-01 02:01:33.711080451+00:00,2023-11-01 02:01:33.709456775+00:00,0,1,78460,T,A,0,80.66,1,0,13440,172821386,CLF4
2023-11-01 02:01:44.831856035+00:00,2023-11-01 02:01:44.822832501+00:00,0,1,78460,T,A,0,80.66,1,0,13999,172824739,CLF4
2023-11-01 02:01:55.362250020+00:00,2023-11-01 02:01:55.361623031+00:00,0,1,78460,T,A,0,80.65,2,128,17421,172831485,CLF4
2023-11-01 02:02:00.888133443+00:00,2023-11-01 02:02:00.879938209+00:00,0,1,78460,T,A,0,80.64,2,0,14203,172833913,CLF4
2023-11-01 02:02:04.095586778+00:00,2023-11-01 02:02:04.095191507+00:00,0,1,78460,T,B,0,80.66,1,0,16046,172838309,CLF4
2023-11-01 02:02:04.099055932+00:00,2023-11-01 02:02:04.095640417+00:00,0,1,78460,T,B,0,80.67,2,0,13062,172838530,CLF4
2023-11-01 02:02:07.057321112+00:00,2023-11-01 02:02:07.056922561+00:00,0,1,78460,T,N,0,80.68,1,0,18940,172843294,CLF4
2023-11-01 02:02:16.284688934+00:00,2023-11-01 02:02:16.284253521+00:00,0,1,78460,T,A,0,80.67,1,128,17622,172847645,CLF4
2023-11-01 02:02:17.965238360+00:00,2023-11-01 02:02:17.956570719+00:00,0,1,78460,T,B,0,80.67,1,0,13930,172848745,CLF4
2023-11-01 02:02:17.969293065+00:00,2023-11-01 02:02:17.958050899+00:00,0,1,78460,T,B,0,80.68,1,0,13905,172849016,CLF4
2023-11-01 02:02:23.596425225+00:00,2023-11-01 02:02:23.595995595+00:00,0,1,78460,T,A,0,80.66,1,128,17801,172852822,CLF4
2023-11-01 02:02:59.342363945+00:00,2023-11-01 02:02:59.333762337+00:00,0,1,78460,T,A,0,80.64,2,0,14647,172861812,CLF4
2023-11-01 02:03:41.536403871+00:00,2023-11-01 02:03:41.531245751+00:00,0,1,78460,T,N,0,80.66,1,0,14411,172878630,CLF4
2023-11-01 02:05:30.085774453+00:00,2023-11-01 02:05:30.083956749+00:00,0,1,78460,T,B,0,80.65,1,128,15317,172895351,CLF4
2023-11-01 02:05:34.893755136+00:00,2023-11-01 02:05:34.893250657+00:00,0,1,78460,T,B,0,80.66,1,0,13528,172899705,CLF4
2023-11-01 02:07:07.526685951+00:00,2023-11-01 02:07:07.525219321+00:00,0,1,78460,T,N,0,80.65,5,0,20439,172917416,CLF4
2023-11-01 02:07:07.542154941+00:00,2023-11-01 02:07:07.535624879+00:00,0,1,78460,T,A,0,80.65,1,0,17228,172917908,CLF4
2023-11-01 02:07:07.633008737+00:00,2023-11-01 02:07:07.632746525+00:00,0,1,78460,T,B,0,80.65,1,0,16963,172919306,CLF4
2023-11-01 02:08:33.254910892+00:00,2023-11-01 02:08:33.254566133+00:00,0,1,78460,T,A,0,80.66,1,0,21731,172934434,CLF4
2023-11-01 02:12:12.588824687+00:00,2023-11-01 02:12:12.588548413+00:00,0,1,78460,T,B,0,80.66,1,0,13827,172952814,CLF4
2023-11-01 02:12:27.555500593+00:00,2023-11-01 02:12:27.555199593+00:00,0,1,78460,T,A,0,80.65,1,0,16592,172953940,CLF4
2023-11-01 02:12:33.260223755+00:00,2023-11-01 02:12:33.259953891+00:00,0,1,78460,T,A,0,80.65,1,0,16358,172955428,CLF4
2023-11-01 02:13:04.043693796+00:00,2023-11-01 02:13:04.042743097+00:00,0,1,78460,T,B,0,80.67,1,0,13803,172964108,CLF4
2023-11-01 02:13:23.104892678+00:00,2023-11-01 02:13:23.103795813+00:00,0,1,78460,T,A,0,80.67,1,0,17423,172972424,CLF4
2023-11-01 02:13:31.853109270+00:00,2023-11-01 02:13:31.852823211+00:00,0,1,78460,T,B,0,80.68,1,0,16740,172973743,CLF4
2023-11-01 02:14:36.649416071+00:00,2023-11-01 02:14:36.649138957+00:00,0,1,78460,T,A,0,80.68,1,0,16856,172979827,CLF4
2023-11-01 02:14:56.866018845+00:00,2023-11-01 02:14:56.865638917+00:00,0,1,78460,T,B,0,80.69,1,0,16942,172980744,CLF4
2023-11-01 02:15:08.370445424+00:00,2023-11-01 02:15:08.369192071+00:00,0,1,78460,T,N,0,80.68,2,0,18906,172982317,CLF4
2023-11-01 02:15:08.375158259+00:00,2023-11-01 02:15:08.371839335+00:00,0,1,78460,T,A,0,80.68,1,0,14761,172982569,CLF4
2023-11-01 02:16:00.548368125+00:00,2023-11-01 02:16:00.540007609+00:00,0,1,78460,T,B,0,80.68,1,0,16780,172986938,CLF4
2023-11-01 02:16:31.736435700+00:00,2023-11-01 02:16:31.732484457+00:00,0,1,78460,T,A,0,80.68,2,0,13892,172989472,CLF4
2023-11-01 02:16:31.739641023+00:00,2023-11-01 02:16:31.734361969+00:00,0,1,78460,T,A,0,80.67,2,0,14057,172989712,CLF4
2023-11-01 02:16:31.740278234+00:00,2023-11-01 02:16:31.736441999+00:00,0,1,78460,T,B,0,80.68,2,0,16731,172989761,CLF4
2023-11-01 02:16:44.297924516+00:00,2023-11-01 02:16:44.297638473+00:00,0,1,78460,T,A,0,80.68,1,0,17495,172991762,CLF4
2023-11-01 02:17:03.052689292+00:00,2023-11-01 02:17:03.045867711+00:00,0,1,78460,T,A,0,80.67,1,0,17449,172994598,CLF4
2023-11-01 02:17:03.060910342+00:00,2023-11-01 02:17:03.056584765+00:00,0,1,78460,T,B,0,80.67,3,0,13870,172995131,CLF4
2023-11-01 02:17:03.061256587+00:00,2023-11-01 02:17:03.056873829+00:00,0,1,78460,T,A,0,80.66,2,0,13778,172995153,CLF4
2023-11-01 02:17:03.061411416+00:00,2023-11-01 02:17:03.056908851+00:00,0,1,78460,T,A,0,80.66,1,0,13835,172995165,CLF4
2023-11-01 02:17:03.062286986+00:00,2023-11-01 02:17:03.057475209+00:00,0,1,78460,T,A,0,80.66,1,0,14032,172995220,CLF4
2023-11-01 02:17:03.063369608+00:00,2023-11-01 02:17:03.058282995+00:00,0,1,78460,T,B,0,80.66,1,0,14025,172995295,CLF4
2023-11-01 02:17:05.074356584+00:00,2023-11-01 02:17:05.073722313+00:00,0,1,78460,T,N,0,80.66,1,0,14175,172998024,CLF4
2023-11-01 02:18:05.011594101+00:00,2023-11-01 02:18:05.008981989+00:00,0,1,78460,T,A,0,80.65,3,0,13857,173004314,CLF4
2023-11-01 02:18:17.187313647+00:00,2023-11-01 02:18:17.178810491+00:00,0,1,78460,T,B,0,80.67,1,0,16294,173005189,CLF4
2023-11-01 02:18:17.187562477+00:00,2023-11-01 02:18:17.178829475+00:00,0,1,78460,T,B,0,80.67,2,0,14584,173005206,CLF4
2023-11-01 02:19:52.420949591+00:00,2023-11-01 02:19:52.419350803+00:00,0,1,78460,T,A,0,80.66,13,0,27770,173011415,CLF4
2023-11-01 02:19:52.420949591+00:00,2023-11-01 02:19:52.419350803+00:00,0,1,78460,T,A,0,80.65,20,0,27770,173011415,CLF4
2023-11-01 02:19:52.420949591+00:00,2023-11-01 02:19:52.419350803+00:00,0,1,78460,T,A,0,80.64,35,0,27770,173011415,CLF4
